﻿{"paragraphs":[{"text":"%md ### Author: Bryan Cafferky \r\n\r\n### Using SQL Joins\r\n\r\n#### Good to use different join types depending on the nature of the data.\r\n### Left and Outer joins are useful to check data integrity.","user":"anonymous","dateUpdated":"2021-05-20T15:22:07+0000","config":{"colWidth":12,"fontSize":9,"enabled":true,"results":{},"editorSetting":{"language":"markdown","editOnDblClick":true,"completionKey":"TAB","completionSupport":false},"editorMode":"ace/mode/markdown","editorHide":true,"tableHide":false},"settings":{"params":{},"forms":{}},"results":{"code":"SUCCESS","msg":[{"type":"HTML","data":"<h3>Author: Bryan Cafferky</h3>\n<h3>Using SQL Joins</h3>\n<h4>Good to use different join types depending on the nature of the data.</h4>\n<h3>Left and Outer joins are useful to check data integrity.</h3>\n"}]},"apps":[],"jobName":"paragraph_1621524107763_681813586","id":"20210520-152147_792298235","dateCreated":"2021-05-20T15:21:47+0000","dateStarted":"2021-05-20T15:22:07+0000","dateFinished":"2021-05-20T15:22:10+0000","status":"FINISHED","progressUpdateIntervalMs":500,"focus":true,"$$hashKey":"object:57897"},{"text":"%md\n## The tables were created in lesson 10 of the series...","user":"anonymous","dateUpdated":"2021-05-20T15:23:12+0000","config":{"colWidth":12,"fontSize":9,"enabled":true,"results":{},"editorSetting":{"language":"markdown","editOnDblClick":true,"completionKey":"TAB","completionSupport":false},"editorMode":"ace/mode/markdown","editorHide":true,"tableHide":false},"settings":{"params":{},"forms":{}},"results":{"code":"SUCCESS","msg":[{"type":"HTML","data":"<h2>The tables were created in lesson 10 of the series&hellip;</h2>\n"}]},"apps":[],"jobName":"paragraph_1621524181935_384156294","id":"20210520-152301_1955455805","dateCreated":"2021-05-20T15:23:01+0000","dateStarted":"2021-05-20T15:23:12+0000","dateFinished":"2021-05-20T15:23:12+0000","status":"FINISHED","progressUpdateIntervalMs":500,"$$hashKey":"object:57898"},{"title":"Change the database context","text":"%sql\r\n\r\nUSE awproject","user":"anonymous","dateUpdated":"2021-05-20T17:10:28+0000","config":{"colWidth":12,"fontSize":9,"enabled":true,"results":{"0":{"graph":{"mode":"table","height":84,"optionOpen":false,"setting":{"table":{"tableGridState":{},"tableColumnTypeState":{"names":{}},"tableOptionSpecHash":"[{\"name\":\"useFilter\",\"valueType\":\"boolean\",\"defaultValue\":false,\"widget\":\"checkbox\",\"description\":\"Enable filter for columns\"},{\"name\":\"showPagination\",\"valueType\":\"boolean\",\"defaultValue\":false,\"widget\":\"checkbox\",\"description\":\"Enable pagination for better navigation\"},{\"name\":\"showAggregationFooter\",\"valueType\":\"boolean\",\"defaultValue\":false,\"widget\":\"checkbox\",\"description\":\"Enable a footer for displaying aggregated values\"}]","tableOptionValue":{"useFilter":false,"showPagination":false,"showAggregationFooter":false},"updated":false,"initialized":false}},"commonSetting":{}}}},"editorSetting":{"language":"sql","editOnDblClick":false,"completionKey":"TAB","completionSupport":true},"editorMode":"ace/mode/sql","title":true,"editorHide":false},"settings":{"params":{},"forms":{}},"results":{"code":"SUCCESS","msg":[{"type":"TABLE","data":""},{"type":"HTML","data":"<hr/>Spark Application Id: application_1621523488736_0008<br/>Spark WebUI: <a href=\"http://hn1-hdibpc.azhjkvldhjduvd2qp4tphmpqfg.bx.internal.cloudapp.net:8088/proxy/application_1621523488736_0008/\">http://hn1-hdibpc.azhjkvldhjduvd2qp4tphmpqfg.bx.internal.cloudapp.net:8088/proxy/application_1621523488736_0008/</a>"}]},"apps":[],"jobName":"paragraph_1621524127611_-791216305","id":"20210520-152207_1790151506","dateCreated":"2021-05-20T15:22:07+0000","dateStarted":"2021-05-20T17:09:45+0000","dateFinished":"2021-05-20T17:09:46+0000","status":"FINISHED","progressUpdateIntervalMs":500,"$$hashKey":"object:57899"},{"text":"%sql\n\nSHOW TABLES","user":"anonymous","dateUpdated":"2021-05-20T17:10:45+0000","config":{"colWidth":12,"fontSize":9,"enabled":true,"results":{"0":{"graph":{"mode":"table","height":144,"optionOpen":false,"setting":{"table":{"tableGridState":{},"tableColumnTypeState":{"names":{"database":"string","tableName":"string","isTemporary":"string"},"updated":false},"tableOptionSpecHash":"[{\"name\":\"useFilter\",\"valueType\":\"boolean\",\"defaultValue\":false,\"widget\":\"checkbox\",\"description\":\"Enable filter for columns\"},{\"name\":\"showPagination\",\"valueType\":\"boolean\",\"defaultValue\":false,\"widget\":\"checkbox\",\"description\":\"Enable pagination for better navigation\"},{\"name\":\"showAggregationFooter\",\"valueType\":\"boolean\",\"defaultValue\":false,\"widget\":\"checkbox\",\"description\":\"Enable a footer for displaying aggregated values\"}]","tableOptionValue":{"useFilter":false,"showPagination":false,"showAggregationFooter":false},"updated":false,"initialized":false}},"commonSetting":{}}}},"editorSetting":{"language":"sql","editOnDblClick":false,"completionKey":"TAB","completionSupport":true},"editorMode":"ace/mode/sql","editorHide":false},"settings":{"params":{},"forms":{}},"results":{"code":"SUCCESS","msg":[{"type":"TABLE","data":"database\ttableName\tisTemporary\nawproject\tdimcustomer\tfalse\nawproject\tdimdate\tfalse\nawproject\tdimgeography\tfalse\nawproject\tdimproduct\tfalse\nawproject\tdimproductcategory\tfalse\nawproject\tdimproductsubcategory\tfalse\nawproject\tdimsalesreason\tfalse\nawproject\tdimsalesterritory\tfalse\nawproject\tfactinternetsales\tfalse\nawproject\tfactinternetsalesreason\tfalse\nawproject\tproductlist1\tfalse\nawproject\tproductlist2\tfalse\nawproject\tv_productcatalog\tfalse\nawproject\tv_salessummary\tfalse"},{"type":"HTML","data":"<hr/>Spark Application Id: application_1621523488736_0008<br/>Spark WebUI: <a href=\"http://hn1-hdibpc.azhjkvldhjduvd2qp4tphmpqfg.bx.internal.cloudapp.net:8088/proxy/application_1621523488736_0008/\">http://hn1-hdibpc.azhjkvldhjduvd2qp4tphmpqfg.bx.internal.cloudapp.net:8088/proxy/application_1621523488736_0008/</a>"}]},"apps":[],"jobName":"paragraph_1621524244459_1078876372","id":"20210520-152404_1316789570","dateCreated":"2021-05-20T15:24:04+0000","dateStarted":"2021-05-20T17:10:45+0000","dateFinished":"2021-05-20T17:10:46+0000","status":"FINISHED","progressUpdateIntervalMs":500,"$$hashKey":"object:57900"},{"text":"%md\n## SQL Joins By Type","user":"anonymous","dateUpdated":"2021-05-20T15:26:20+0000","config":{"colWidth":12,"fontSize":9,"enabled":true,"results":{},"editorSetting":{"language":"markdown","editOnDblClick":true,"completionKey":"TAB","completionSupport":false},"editorMode":"ace/mode/markdown","editorHide":true,"tableHide":false},"settings":{"params":{},"forms":{}},"results":{"code":"SUCCESS","msg":[{"type":"HTML","data":"<h2>SQL Joins By Type</h2>\n"}]},"apps":[],"jobName":"paragraph_1621524343846_1722150658","id":"20210520-152543_1913740136","dateCreated":"2021-05-20T15:25:43+0000","dateStarted":"2021-05-20T15:26:20+0000","dateFinished":"2021-05-20T15:26:20+0000","status":"FINISHED","progressUpdateIntervalMs":500,"$$hashKey":"object:57901"},{"text":"%md\n\n### Inner Join\n\nInner Join only returns rows that have a match on the left and right side of the join.\nIn many cases, tables are assumed to always have matching rows on both sides.\nBut you need to test this hypothesis.\n","user":"anonymous","dateUpdated":"2021-05-20T15:26:50+0000","config":{"colWidth":12,"fontSize":9,"enabled":true,"results":{},"editorSetting":{"language":"scala","editOnDblClick":false,"completionKey":"TAB","completionSupport":true},"editorMode":"ace/mode/scala","editorHide":true},"settings":{"params":{},"forms":{}},"results":{"code":"SUCCESS","msg":[{"type":"HTML","data":"<h3>Inner Join</h3>\n<p>Inner Join only returns rows that have a match on the left and right side of the join.\n<br  />In many cases, tables are assumed to always have matching rows on both sides.\n<br  />But you need to test this hypothesis.</p>\n"}]},"apps":[],"jobName":"paragraph_1621524380118_930922322","id":"20210520-152620_1666713536","dateCreated":"2021-05-20T15:26:20+0000","dateStarted":"2021-05-20T15:26:40+0000","dateFinished":"2021-05-20T15:26:40+0000","status":"FINISHED","progressUpdateIntervalMs":500,"$$hashKey":"object:57902"},{"title":"Inner Join","text":"%sql \n\n-- Join the left (first) table to the right (second) returning only rows that match. You should not get any null join keys. \nSELECT     p.ProductKey, p.EnglishProductName as Product, psc.EnglishProductSubcategoryName as Subcategory \nFROM       dimproduct                 p\nINNER JOIN dimproductsubcategory      psc\nON (p.ProductSubcategoryKey = psc.ProductSubcategoryKey)\nLIMIT 3\n","user":"anonymous","dateUpdated":"2021-05-20T17:11:02+0000","config":{"colWidth":12,"fontSize":9,"enabled":true,"results":{"0":{"graph":{"mode":"table","height":114,"optionOpen":false,"setting":{"table":{"tableGridState":{},"tableColumnTypeState":{"names":{"ProductKey":"string","Product":"string","Subcategory":"string"},"updated":false},"tableOptionSpecHash":"[{\"name\":\"useFilter\",\"valueType\":\"boolean\",\"defaultValue\":false,\"widget\":\"checkbox\",\"description\":\"Enable filter for columns\"},{\"name\":\"showPagination\",\"valueType\":\"boolean\",\"defaultValue\":false,\"widget\":\"checkbox\",\"description\":\"Enable pagination for better navigation\"},{\"name\":\"showAggregationFooter\",\"valueType\":\"boolean\",\"defaultValue\":false,\"widget\":\"checkbox\",\"description\":\"Enable a footer for displaying aggregated values\"}]","tableOptionValue":{"useFilter":false,"showPagination":false,"showAggregationFooter":false},"updated":false,"initialized":false}},"commonSetting":{}}}},"editorSetting":{"language":"sql","editOnDblClick":false,"completionKey":"TAB","completionSupport":true},"editorMode":"ace/mode/sql","title":true},"settings":{"params":{},"forms":{}},"results":{"code":"SUCCESS","msg":[{"type":"TABLE","data":"ProductKey\tProduct\tSubcategory\n210\tHL Road Frame - Black, 58\tRoad Frames\n211\tHL Road Frame - Red, 58\tRoad Frames\n212\tSport-100 Helmet, Red\tHelmets"},{"type":"HTML","data":"<hr/>Spark Application Id: application_1621523488736_0008<br/>Spark WebUI: <a href=\"http://hn1-hdibpc.azhjkvldhjduvd2qp4tphmpqfg.bx.internal.cloudapp.net:8088/proxy/application_1621523488736_0008/\">http://hn1-hdibpc.azhjkvldhjduvd2qp4tphmpqfg.bx.internal.cloudapp.net:8088/proxy/application_1621523488736_0008/</a>"}]},"apps":[],"jobName":"paragraph_1621524400054_515251971","id":"20210520-152640_1322287045","dateCreated":"2021-05-20T15:26:40+0000","dateStarted":"2021-05-20T17:10:54+0000","dateFinished":"2021-05-20T17:10:56+0000","status":"FINISHED","progressUpdateIntervalMs":500,"$$hashKey":"object:57903"},{"text":"%md\n\n### Left Join\n\nLeft Join returns all rows on the left side of the join regardless of whether there is a match on the  right side.\nRows on the right side with no match on the left are NOT returned.\n","user":"anonymous","dateUpdated":"2021-05-20T15:28:04+0000","config":{"colWidth":12,"fontSize":9,"enabled":true,"results":{},"editorSetting":{"language":"markdown","editOnDblClick":true,"completionKey":"TAB","completionSupport":false},"editorMode":"ace/mode/markdown","editorHide":true,"tableHide":false},"settings":{"params":{},"forms":{}},"results":{"code":"SUCCESS","msg":[{"type":"HTML","data":"<h3>Left Join</h3>\n<p>Left Join returns all rows on the left side of the join regardless of whether there is a match on the  right side.\n<br  />Rows on the right side with no match on the left are NOT returned.</p>\n"}]},"apps":[],"jobName":"paragraph_1621524452983_458815184","id":"20210520-152732_1652694809","dateCreated":"2021-05-20T15:27:32+0000","dateStarted":"2021-05-20T15:28:04+0000","dateFinished":"2021-05-20T15:28:04+0000","status":"FINISHED","progressUpdateIntervalMs":500,"$$hashKey":"object:57904"},{"text":"%sql\n\n-- Join the left (first) table to the right (second) table and return all rows on the \n-- left filling in the right columns with nulls if there is no match.\nSELECT     p.ProductKey, p.EnglishProductName as Product, p.ProductSubcategoryKey,\n           psc.EnglishProductSubcategoryName as Subcategory \nFROM       dimproduct                 p\nLEFT JOIN dimproductsubcategory      psc\nON (p.ProductSubcategoryKey = psc.ProductSubcategoryKey)\nWHERE psc.ProductSubcategoryKey IS NULL\nLIMIT 3\n","user":"anonymous","dateUpdated":"2021-05-20T17:11:16+0000","config":{"colWidth":12,"fontSize":9,"enabled":true,"results":{"0":{"graph":{"mode":"table","height":184,"optionOpen":false,"setting":{"table":{"tableGridState":{},"tableColumnTypeState":{"names":{"ProductKey":"string","Product":"string","ProductSubcategoryKey":"string","Subcategory":"string"},"updated":false},"tableOptionSpecHash":"[{\"name\":\"useFilter\",\"valueType\":\"boolean\",\"defaultValue\":false,\"widget\":\"checkbox\",\"description\":\"Enable filter for columns\"},{\"name\":\"showPagination\",\"valueType\":\"boolean\",\"defaultValue\":false,\"widget\":\"checkbox\",\"description\":\"Enable pagination for better navigation\"},{\"name\":\"showAggregationFooter\",\"valueType\":\"boolean\",\"defaultValue\":false,\"widget\":\"checkbox\",\"description\":\"Enable a footer for displaying aggregated values\"}]","tableOptionValue":{"useFilter":false,"showPagination":false,"showAggregationFooter":false},"updated":false,"initialized":false}},"commonSetting":{}}}},"editorSetting":{"language":"sql","editOnDblClick":false,"completionKey":"TAB","completionSupport":true},"editorMode":"ace/mode/sql"},"settings":{"params":{},"forms":{}},"apps":[],"jobName":"paragraph_1621524484649_-165505061","id":"20210520-152804_1767291468","dateCreated":"2021-05-20T15:28:04+0000","status":"FINISHED","progressUpdateIntervalMs":500,"$$hashKey":"object:57905","dateFinished":"2021-05-20T17:11:09+0000","dateStarted":"2021-05-20T17:11:07+0000","results":{"code":"SUCCESS","msg":[{"type":"TABLE","data":"ProductKey\tProduct\tProductSubcategoryKey\tSubcategory\n1\tAdjustable Race\tNULL\tnull\n2\tBearing Ball\tNULL\tnull\n3\tBB Ball Bearing\tNULL\tnull"},{"type":"HTML","data":"<hr/>Spark Application Id: application_1621523488736_0008<br/>Spark WebUI: <a href=\"http://hn1-hdibpc.azhjkvldhjduvd2qp4tphmpqfg.bx.internal.cloudapp.net:8088/proxy/application_1621523488736_0008/\">http://hn1-hdibpc.azhjkvldhjduvd2qp4tphmpqfg.bx.internal.cloudapp.net:8088/proxy/application_1621523488736_0008/</a>"}]}},{"text":"%md\n\n### Right Join\n\nRight Join returns all rows on the right side of the join regardless of whether there is a match on the left side.\nRows on the left side with no match on the left are NOT returned.\n\nNote:  Since you can accomplish the same thing with a left join by just putting the right side table on the left,\nI never use this join.\n","user":"anonymous","dateUpdated":"2021-05-20T15:29:27+0000","config":{"colWidth":12,"fontSize":9,"enabled":true,"results":{},"editorSetting":{"language":"markdown","editOnDblClick":true,"completionKey":"TAB","completionSupport":false},"editorMode":"ace/mode/markdown","editorHide":true,"tableHide":false},"settings":{"params":{},"forms":{}},"results":{"code":"SUCCESS","msg":[{"type":"HTML","data":"<h3>Right Join</h3>\n<p>Right Join returns all rows on the right side of the join regardless of whether there is a match on the left side.\n<br  />Rows on the left side with no match on the left are NOT returned.</p>\n<p>Note:  Since you can accomplish the same thing with a left join by just putting the right side table on the left,\n<br  />I never use this join.</p>\n"}]},"apps":[],"jobName":"paragraph_1621524549945_59831463","id":"20210520-152909_343098664","dateCreated":"2021-05-20T15:29:09+0000","dateStarted":"2021-05-20T15:29:27+0000","dateFinished":"2021-05-20T15:29:27+0000","status":"FINISHED","progressUpdateIntervalMs":500,"$$hashKey":"object:57906"},{"text":"%sql \r\n\r\n-- Join the table on the right (second table) with the table on the left (first table)\r\n-- Return all rows from the right whether or not there is a match on the left. \r\nSELECT      p.ProductKey, p.EnglishProductName as Product, psc.EnglishProductSubcategoryName as Subcategory \r\nFROM        dimproductsubcategory                 psc\r\nRIGHT JOIN  dimproduct                            p\r\nON (psc.ProductSubcategoryKey = p.ProductSubcategoryKey)\r\nWHERE psc.ProductSubcategoryKey IS NULL\r\nLIMIT 3","user":"anonymous","dateUpdated":"2021-05-20T17:11:34+0000","config":{"colWidth":12,"fontSize":9,"enabled":true,"results":{"0":{"graph":{"mode":"table","height":194,"optionOpen":false,"setting":{"table":{"tableGridState":{},"tableColumnTypeState":{"names":{"ProductKey":"string","Product":"string","Subcategory":"string"},"updated":false},"tableOptionSpecHash":"[{\"name\":\"useFilter\",\"valueType\":\"boolean\",\"defaultValue\":false,\"widget\":\"checkbox\",\"description\":\"Enable filter for columns\"},{\"name\":\"showPagination\",\"valueType\":\"boolean\",\"defaultValue\":false,\"widget\":\"checkbox\",\"description\":\"Enable pagination for better navigation\"},{\"name\":\"showAggregationFooter\",\"valueType\":\"boolean\",\"defaultValue\":false,\"widget\":\"checkbox\",\"description\":\"Enable a footer for displaying aggregated values\"}]","tableOptionValue":{"useFilter":false,"showPagination":false,"showAggregationFooter":false},"updated":false,"initialized":false}},"commonSetting":{}}}},"editorSetting":{"language":"sql","editOnDblClick":false,"completionKey":"TAB","completionSupport":true},"editorMode":"ace/mode/sql"},"settings":{"params":{},"forms":{}},"apps":[],"jobName":"paragraph_1621524566985_1035531965","id":"20210520-152926_795910311","dateCreated":"2021-05-20T15:29:26+0000","status":"FINISHED","progressUpdateIntervalMs":500,"$$hashKey":"object:57907","dateFinished":"2021-05-20T17:11:22+0000","dateStarted":"2021-05-20T17:11:20+0000","results":{"code":"SUCCESS","msg":[{"type":"TABLE","data":"ProductKey\tProduct\tSubcategory\n1\tAdjustable Race\tnull\n2\tBearing Ball\tnull\n3\tBB Ball Bearing\tnull"},{"type":"HTML","data":"<hr/>Spark Application Id: application_1621523488736_0008<br/>Spark WebUI: <a href=\"http://hn1-hdibpc.azhjkvldhjduvd2qp4tphmpqfg.bx.internal.cloudapp.net:8088/proxy/application_1621523488736_0008/\">http://hn1-hdibpc.azhjkvldhjduvd2qp4tphmpqfg.bx.internal.cloudapp.net:8088/proxy/application_1621523488736_0008/</a>"}]}},{"text":"%md\n## Full Outer Join\n\nReturns all rows from both sides of the join.  \nValues on the missing side are returned as NULLs.\n\nRarely used and may incur high overhead.  But may be a good way to validate data quality.\n","user":"anonymous","dateUpdated":"2021-05-20T15:31:04+0000","config":{"colWidth":12,"fontSize":9,"enabled":true,"results":{},"editorSetting":{"language":"markdown","editOnDblClick":true,"completionKey":"TAB","completionSupport":false},"editorMode":"ace/mode/markdown","editorHide":true,"tableHide":false},"settings":{"params":{},"forms":{}},"results":{"code":"SUCCESS","msg":[{"type":"HTML","data":"<h2>Full Outer Join</h2>\n<p>Returns all rows from both sides of the join.\n<br  />Values on the missing side are returned as NULLs.</p>\n<p>Rarely used and may incur high overhead.  But may be a good way to validate data quality.</p>\n"}]},"apps":[],"jobName":"paragraph_1621524641761_1721885917","id":"20210520-153041_2126372753","dateCreated":"2021-05-20T15:30:41+0000","dateStarted":"2021-05-20T15:31:04+0000","dateFinished":"2021-05-20T15:31:04+0000","status":"FINISHED","progressUpdateIntervalMs":500,"$$hashKey":"object:57908"},{"title":"Show product categories first","text":"%sql\n\nselect EnglishProductSubcategoryName from  dimproductsubcategory limit 5\n","user":"anonymous","dateUpdated":"2021-05-20T17:11:47+0000","config":{"colWidth":12,"fontSize":9,"enabled":true,"results":{"0":{"graph":{"mode":"table","height":204,"optionOpen":false,"setting":{"table":{"tableGridState":{},"tableColumnTypeState":{"names":{"EnglishProductSubcategoryName":"string"},"updated":false},"tableOptionSpecHash":"[{\"name\":\"useFilter\",\"valueType\":\"boolean\",\"defaultValue\":false,\"widget\":\"checkbox\",\"description\":\"Enable filter for columns\"},{\"name\":\"showPagination\",\"valueType\":\"boolean\",\"defaultValue\":false,\"widget\":\"checkbox\",\"description\":\"Enable pagination for better navigation\"},{\"name\":\"showAggregationFooter\",\"valueType\":\"boolean\",\"defaultValue\":false,\"widget\":\"checkbox\",\"description\":\"Enable a footer for displaying aggregated values\"}]","tableOptionValue":{"useFilter":false,"showPagination":false,"showAggregationFooter":false},"updated":false,"initialized":false}},"commonSetting":{}}}},"editorSetting":{"language":"sql","editOnDblClick":false,"completionKey":"TAB","completionSupport":true},"editorMode":"ace/mode/sql","title":true},"settings":{"params":{},"forms":{}},"apps":[],"jobName":"paragraph_1621524664432_1355056054","id":"20210520-153104_1559317724","dateCreated":"2021-05-20T15:31:04+0000","status":"FINISHED","progressUpdateIntervalMs":500,"$$hashKey":"object:57909","dateFinished":"2021-05-20T17:11:40+0000","dateStarted":"2021-05-20T17:11:39+0000","results":{"code":"SUCCESS","msg":[{"type":"TABLE","data":"EnglishProductSubcategoryName\nMountain Bikes\nRoad Bikes\nTouring Bikes\nHandlebars\nBottom Brackets"},{"type":"HTML","data":"<hr/>Spark Application Id: application_1621523488736_0008<br/>Spark WebUI: <a href=\"http://hn1-hdibpc.azhjkvldhjduvd2qp4tphmpqfg.bx.internal.cloudapp.net:8088/proxy/application_1621523488736_0008/\">http://hn1-hdibpc.azhjkvldhjduvd2qp4tphmpqfg.bx.internal.cloudapp.net:8088/proxy/application_1621523488736_0008/</a>"}]}},{"title":"Full Outer Join","text":"%sql\n\n-- Join both tables on the key and return all rows from both tables filling in NULLs for the columns on the table with no match.\nSELECT     p.ProductKey, p.EnglishProductName as Product, p.ProductSubcategoryKey, psc.EnglishProductSubcategoryName as Subcategory \nFROM       dimproduct                      p\nFULL OUTER JOIN dimproductsubcategory      psc\nON (p.ProductSubcategoryKey = psc.ProductSubcategoryKey)\nLIMIT 5","user":"anonymous","dateUpdated":"2021-05-20T17:12:30+0000","config":{"colWidth":12,"fontSize":9,"enabled":true,"results":{"0":{"graph":{"mode":"table","height":300,"optionOpen":false,"setting":{"table":{"tableGridState":{},"tableColumnTypeState":{"names":{"ProductKey":"string","Product":"string","ProductSubcategoryKey":"string","Subcategory":"string"},"updated":false},"tableOptionSpecHash":"[{\"name\":\"useFilter\",\"valueType\":\"boolean\",\"defaultValue\":false,\"widget\":\"checkbox\",\"description\":\"Enable filter for columns\"},{\"name\":\"showPagination\",\"valueType\":\"boolean\",\"defaultValue\":false,\"widget\":\"checkbox\",\"description\":\"Enable pagination for better navigation\"},{\"name\":\"showAggregationFooter\",\"valueType\":\"boolean\",\"defaultValue\":false,\"widget\":\"checkbox\",\"description\":\"Enable a footer for displaying aggregated values\"}]","tableOptionValue":{"useFilter":false,"showPagination":false,"showAggregationFooter":false},"updated":false,"initialized":false}},"commonSetting":{}}}},"editorSetting":{"language":"sql","editOnDblClick":false,"completionKey":"TAB","completionSupport":true},"editorMode":"ace/mode/sql","title":true},"settings":{"params":{},"forms":{}},"apps":[],"jobName":"paragraph_1621524702651_160194884","id":"20210520-153142_1750059329","dateCreated":"2021-05-20T15:31:42+0000","status":"FINISHED","progressUpdateIntervalMs":500,"$$hashKey":"object:57910","dateFinished":"2021-05-20T17:11:54+0000","dateStarted":"2021-05-20T17:11:51+0000","results":{"code":"SUCCESS","msg":[{"type":"TABLE","data":"ProductKey\tProduct\tProductSubcategoryKey\tSubcategory\n212\tSport-100 Helmet, Red\t31\tHelmets\n213\tSport-100 Helmet, Red\t31\tHelmets\n214\tSport-100 Helmet, Red\t31\tHelmets\n215\tSport-100 Helmet, Black\t31\tHelmets\n216\tSport-100 Helmet, Black\t31\tHelmets"},{"type":"HTML","data":"<hr/>Spark Application Id: application_1621523488736_0008<br/>Spark WebUI: <a href=\"http://hn1-hdibpc.azhjkvldhjduvd2qp4tphmpqfg.bx.internal.cloudapp.net:8088/proxy/application_1621523488736_0008/\">http://hn1-hdibpc.azhjkvldhjduvd2qp4tphmpqfg.bx.internal.cloudapp.net:8088/proxy/application_1621523488736_0008/</a>"}]}},{"text":"%md\r\n\r\n### Left Semi Join\r\n\r\nReturns values from the left side of the relation that has a match with the right. It is also referred to as a left semi join.\r\nLike a inner join but only returns the left side columns.","user":"anonymous","dateUpdated":"2021-05-20T15:33:07+0000","config":{"colWidth":12,"fontSize":9,"enabled":true,"results":{},"editorSetting":{"language":"markdown","editOnDblClick":true,"completionKey":"TAB","completionSupport":false},"editorMode":"ace/mode/markdown","editorHide":true,"tableHide":false},"settings":{"params":{},"forms":{}},"results":{"code":"SUCCESS","msg":[{"type":"HTML","data":"<h3>Left Semi Join</h3>\n<p>Returns values from the left side of the relation that has a match with the right. It is also referred to as a left semi join.\n<br  />Like a inner join but only returns the left side columns.</p>\n"}]},"apps":[],"jobName":"paragraph_1621524762743_-1739830889","id":"20210520-153242_1461054070","dateCreated":"2021-05-20T15:32:42+0000","dateStarted":"2021-05-20T15:33:07+0000","dateFinished":"2021-05-20T15:33:07+0000","status":"FINISHED","progressUpdateIntervalMs":500,"$$hashKey":"object:57911"},{"text":"%sql\n\n-- Join the left (first) table to the right (second) table and return only the left table \n-- columns and only if there is a match. \nSELECT         p.ProductKey, p.EnglishProductName as Product\n-- , psc.EnglishProductSubcategoryName as Subcategory \nFROM           dimproduct                 p\nLEFT SEMI JOIN dimproductsubcategory      psc\nON (p.ProductSubcategoryKey = psc.ProductSubcategoryKey)\nLIMIT 3","user":"anonymous","dateUpdated":"2021-05-20T17:12:40+0000","config":{"colWidth":12,"fontSize":9,"enabled":true,"results":{"0":{"graph":{"mode":"table","height":164,"optionOpen":false,"setting":{"table":{"tableGridState":{},"tableColumnTypeState":{"names":{"ProductKey":"string","Product":"string"},"updated":false},"tableOptionSpecHash":"[{\"name\":\"useFilter\",\"valueType\":\"boolean\",\"defaultValue\":false,\"widget\":\"checkbox\",\"description\":\"Enable filter for columns\"},{\"name\":\"showPagination\",\"valueType\":\"boolean\",\"defaultValue\":false,\"widget\":\"checkbox\",\"description\":\"Enable pagination for better navigation\"},{\"name\":\"showAggregationFooter\",\"valueType\":\"boolean\",\"defaultValue\":false,\"widget\":\"checkbox\",\"description\":\"Enable a footer for displaying aggregated values\"}]","tableOptionValue":{"useFilter":false,"showPagination":false,"showAggregationFooter":false},"updated":false,"initialized":false}},"commonSetting":{}}}},"editorSetting":{"language":"sql","editOnDblClick":false,"completionKey":"TAB","completionSupport":true},"editorMode":"ace/mode/sql"},"settings":{"params":{},"forms":{}},"apps":[],"jobName":"paragraph_1621524787269_638731971","id":"20210520-153307_144472358","dateCreated":"2021-05-20T15:33:07+0000","status":"FINISHED","progressUpdateIntervalMs":500,"$$hashKey":"object:57912","dateFinished":"2021-05-20T17:12:34+0000","dateStarted":"2021-05-20T17:12:32+0000","results":{"code":"SUCCESS","msg":[{"type":"TABLE","data":"ProductKey\tProduct\n358\tMountain-200 Black, 38\n359\tMountain-200 Black, 38\n360\tMountain-200 Black, 42"},{"type":"HTML","data":"<hr/>Spark Application Id: application_1621523488736_0008<br/>Spark WebUI: <a href=\"http://hn1-hdibpc.azhjkvldhjduvd2qp4tphmpqfg.bx.internal.cloudapp.net:8088/proxy/application_1621523488736_0008/\">http://hn1-hdibpc.azhjkvldhjduvd2qp4tphmpqfg.bx.internal.cloudapp.net:8088/proxy/application_1621523488736_0008/</a>"}]}},{"text":"%md\r\n\r\n### Cross Join\r\n\r\nReturns a cartesian product of the two tables, ie. all posible combinations of column values.\r\n\r\nRarely useful but a good way to generate a valedation table such as a \r\ngeneral ledger key validation table. ","user":"anonymous","dateUpdated":"2021-05-20T15:33:47+0000","config":{"colWidth":12,"fontSize":9,"enabled":true,"results":{},"editorSetting":{"language":"markdown","editOnDblClick":true,"completionKey":"TAB","completionSupport":false},"editorMode":"ace/mode/markdown","editorHide":true,"tableHide":false},"settings":{"params":{},"forms":{}},"results":{"code":"SUCCESS","msg":[{"type":"HTML","data":"<h3>Cross Join</h3>\n<p>Returns a cartesian product of the two tables, ie. all posible combinations of column values.</p>\n<p>Rarely useful but a good way to generate a valedation table such as a\n<br  />general ledger key validation table.</p>\n"}]},"apps":[],"jobName":"paragraph_1621524811921_-1861976126","id":"20210520-153331_2111519138","dateCreated":"2021-05-20T15:33:31+0000","dateStarted":"2021-05-20T15:33:47+0000","dateFinished":"2021-05-20T15:33:47+0000","status":"FINISHED","progressUpdateIntervalMs":500,"$$hashKey":"object:57913"},{"text":"%md\nIn the example we want every combination of product category and subcategory.","user":"anonymous","dateUpdated":"2021-05-20T15:34:29+0000","config":{"colWidth":12,"fontSize":9,"enabled":true,"results":{},"editorSetting":{"language":"markdown","editOnDblClick":true,"completionKey":"TAB","completionSupport":false},"editorMode":"ace/mode/markdown","editorHide":true,"tableHide":false},"settings":{"params":{},"forms":{}},"results":{"code":"SUCCESS","msg":[{"type":"HTML","data":"<p>In the example we want every combination of product category and subcategory.</p>\n"}]},"apps":[],"jobName":"paragraph_1621524862305_414683313","id":"20210520-153422_1222579409","dateCreated":"2021-05-20T15:34:22+0000","dateStarted":"2021-05-20T15:34:29+0000","dateFinished":"2021-05-20T15:34:29+0000","status":"FINISHED","progressUpdateIntervalMs":500,"$$hashKey":"object:57914"},{"title":"Show product categories first","text":"%sql \n\nselect EnglishProductCategoryName from  dimproductcategory\n\n","user":"anonymous","dateUpdated":"2021-05-20T17:12:56+0000","config":{"colWidth":12,"fontSize":9,"enabled":true,"results":{"0":{"graph":{"mode":"table","height":184,"optionOpen":false,"setting":{"table":{"tableGridState":{},"tableColumnTypeState":{"names":{"EnglishProductCategoryName":"string"},"updated":false},"tableOptionSpecHash":"[{\"name\":\"useFilter\",\"valueType\":\"boolean\",\"defaultValue\":false,\"widget\":\"checkbox\",\"description\":\"Enable filter for columns\"},{\"name\":\"showPagination\",\"valueType\":\"boolean\",\"defaultValue\":false,\"widget\":\"checkbox\",\"description\":\"Enable pagination for better navigation\"},{\"name\":\"showAggregationFooter\",\"valueType\":\"boolean\",\"defaultValue\":false,\"widget\":\"checkbox\",\"description\":\"Enable a footer for displaying aggregated values\"}]","tableOptionValue":{"useFilter":false,"showPagination":false,"showAggregationFooter":false},"updated":false,"initialized":false}},"commonSetting":{}}}},"editorSetting":{"language":"sql","editOnDblClick":false,"completionKey":"TAB","completionSupport":true},"editorMode":"ace/mode/sql","title":true},"settings":{"params":{},"forms":{}},"apps":[],"jobName":"paragraph_1621524827712_-595506454","id":"20210520-153347_1465811663","dateCreated":"2021-05-20T15:33:47+0000","status":"FINISHED","progressUpdateIntervalMs":500,"$$hashKey":"object:57915","dateFinished":"2021-05-20T17:12:49+0000","dateStarted":"2021-05-20T17:12:48+0000","results":{"code":"SUCCESS","msg":[{"type":"TABLE","data":"EnglishProductCategoryName\nBikes\nComponents\nClothing\nAccessories"},{"type":"HTML","data":"<hr/>Spark Application Id: application_1621523488736_0008<br/>Spark WebUI: <a href=\"http://hn1-hdibpc.azhjkvldhjduvd2qp4tphmpqfg.bx.internal.cloudapp.net:8088/proxy/application_1621523488736_0008/\">http://hn1-hdibpc.azhjkvldhjduvd2qp4tphmpqfg.bx.internal.cloudapp.net:8088/proxy/application_1621523488736_0008/</a>"}]}},{"title":"Cross Join - Cartesian Product","text":"%sql\n\nSELECT      c.EnglishProductCategoryName as Category, sc.EnglishProductSubcategoryName as Subcategory\nFROM        dimproductcategory     c\nCROSS JOIN  dimproductsubcategory  sc","user":"anonymous","dateUpdated":"2021-05-20T17:13:12+0000","config":{"colWidth":12,"fontSize":9,"enabled":true,"results":{"0":{"graph":{"mode":"table","height":224,"optionOpen":false,"setting":{"table":{"tableGridState":{},"tableColumnTypeState":{"names":{"Category":"string","Subcategory":"string"},"updated":false},"tableOptionSpecHash":"[{\"name\":\"useFilter\",\"valueType\":\"boolean\",\"defaultValue\":false,\"widget\":\"checkbox\",\"description\":\"Enable filter for columns\"},{\"name\":\"showPagination\",\"valueType\":\"boolean\",\"defaultValue\":false,\"widget\":\"checkbox\",\"description\":\"Enable pagination for better navigation\"},{\"name\":\"showAggregationFooter\",\"valueType\":\"boolean\",\"defaultValue\":false,\"widget\":\"checkbox\",\"description\":\"Enable a footer for displaying aggregated values\"}]","tableOptionValue":{"useFilter":false,"showPagination":false,"showAggregationFooter":false},"updated":false,"initialized":false}},"commonSetting":{}}}},"editorSetting":{"language":"sql","editOnDblClick":false,"completionKey":"TAB","completionSupport":true},"editorMode":"ace/mode/sql","title":true},"settings":{"params":{},"forms":{}},"apps":[],"jobName":"paragraph_1621524921057_1393919117","id":"20210520-153521_1756256761","dateCreated":"2021-05-20T15:35:21+0000","status":"FINISHED","progressUpdateIntervalMs":500,"$$hashKey":"object:57916","dateFinished":"2021-05-20T17:13:05+0000","dateStarted":"2021-05-20T17:13:04+0000","results":{"code":"SUCCESS","msg":[{"type":"TABLE","data":"Category\tSubcategory\nBikes\tMountain Bikes\nComponents\tMountain Bikes\nClothing\tMountain Bikes\nAccessories\tMountain Bikes\nBikes\tRoad Bikes\nComponents\tRoad Bikes\nClothing\tRoad Bikes\nAccessories\tRoad Bikes\nBikes\tTouring Bikes\nComponents\tTouring Bikes\nClothing\tTouring Bikes\nAccessories\tTouring Bikes\nBikes\tHandlebars\nComponents\tHandlebars\nClothing\tHandlebars\nAccessories\tHandlebars\nBikes\tBottom Brackets\nComponents\tBottom Brackets\nClothing\tBottom Brackets\nAccessories\tBottom Brackets\nBikes\tBrakes\nComponents\tBrakes\nClothing\tBrakes\nAccessories\tBrakes\nBikes\tChains\nComponents\tChains\nClothing\tChains\nAccessories\tChains\nBikes\tCranksets\nComponents\tCranksets\nClothing\tCranksets\nAccessories\tCranksets\nBikes\tDerailleurs\nComponents\tDerailleurs\nClothing\tDerailleurs\nAccessories\tDerailleurs\nBikes\tForks\nComponents\tForks\nClothing\tForks\nAccessories\tForks\nBikes\tHeadsets\nComponents\tHeadsets\nClothing\tHeadsets\nAccessories\tHeadsets\nBikes\tMountain Frames\nComponents\tMountain Frames\nClothing\tMountain Frames\nAccessories\tMountain Frames\nBikes\tPedals\nComponents\tPedals\nClothing\tPedals\nAccessories\tPedals\nBikes\tRoad Frames\nComponents\tRoad Frames\nClothing\tRoad Frames\nAccessories\tRoad Frames\nBikes\tSaddles\nComponents\tSaddles\nClothing\tSaddles\nAccessories\tSaddles\nBikes\tTouring Frames\nComponents\tTouring Frames\nClothing\tTouring Frames\nAccessories\tTouring Frames\nBikes\tWheels\nComponents\tWheels\nClothing\tWheels\nAccessories\tWheels\nBikes\tBib-Shorts\nComponents\tBib-Shorts\nClothing\tBib-Shorts\nAccessories\tBib-Shorts\nBikes\tCaps\nComponents\tCaps\nClothing\tCaps\nAccessories\tCaps\nBikes\tGloves\nComponents\tGloves\nClothing\tGloves\nAccessories\tGloves\nBikes\tJerseys\nComponents\tJerseys\nClothing\tJerseys\nAccessories\tJerseys\nBikes\tShorts\nComponents\tShorts\nClothing\tShorts\nAccessories\tShorts\nBikes\tSocks\nComponents\tSocks\nClothing\tSocks\nAccessories\tSocks\nBikes\tTights\nComponents\tTights\nClothing\tTights\nAccessories\tTights\nBikes\tVests\nComponents\tVests\nClothing\tVests\nAccessories\tVests\nBikes\tBike Racks\nComponents\tBike Racks\nClothing\tBike Racks\nAccessories\tBike Racks\nBikes\tBike Stands\nComponents\tBike Stands\nClothing\tBike Stands\nAccessories\tBike Stands\nBikes\tBottles and Cages\nComponents\tBottles and Cages\nClothing\tBottles and Cages\nAccessories\tBottles and Cages\nBikes\tCleaners\nComponents\tCleaners\nClothing\tCleaners\nAccessories\tCleaners\nBikes\tFenders\nComponents\tFenders\nClothing\tFenders\nAccessories\tFenders\nBikes\tHelmets\nComponents\tHelmets\nClothing\tHelmets\nAccessories\tHelmets\nBikes\tHydration Packs\nComponents\tHydration Packs\nClothing\tHydration Packs\nAccessories\tHydration Packs\nBikes\tLights\nComponents\tLights\nClothing\tLights\nAccessories\tLights\nBikes\tLocks\nComponents\tLocks\nClothing\tLocks\nAccessories\tLocks\nBikes\tPanniers\nComponents\tPanniers\nClothing\tPanniers\nAccessories\tPanniers\nBikes\tPumps\nComponents\tPumps\nClothing\tPumps\nAccessories\tPumps\nBikes\tTires and Tubes\nComponents\tTires and Tubes\nClothing\tTires and Tubes\nAccessories\tTires and Tubes"},{"type":"HTML","data":"<hr/>Spark Application Id: application_1621523488736_0008<br/>Spark WebUI: <a href=\"http://hn1-hdibpc.azhjkvldhjduvd2qp4tphmpqfg.bx.internal.cloudapp.net:8088/proxy/application_1621523488736_0008/\">http://hn1-hdibpc.azhjkvldhjduvd2qp4tphmpqfg.bx.internal.cloudapp.net:8088/proxy/application_1621523488736_0008/</a>"}]}},{"text":"%md\r\n\r\n### Anti Join\r\nReturns values from the left side that has no match with the right. It is also referred to as a left anti join.","user":"anonymous","dateUpdated":"2021-05-20T15:36:14+0000","config":{"colWidth":12,"fontSize":9,"enabled":true,"results":{},"editorSetting":{"language":"markdown","editOnDblClick":true,"completionKey":"TAB","completionSupport":false},"editorMode":"ace/mode/markdown","editorHide":true,"tableHide":false},"settings":{"params":{},"forms":{}},"results":{"code":"SUCCESS","msg":[{"type":"HTML","data":"<h3>Anti Join</h3>\n<p>Returns values from the left side that has no match with the right. It is also referred to as a left anti join.</p>\n"}]},"apps":[],"jobName":"paragraph_1621524967955_-230850591","id":"20210520-153607_1932356482","dateCreated":"2021-05-20T15:36:07+0000","dateStarted":"2021-05-20T15:36:14+0000","dateFinished":"2021-05-20T15:36:14+0000","status":"FINISHED","progressUpdateIntervalMs":500,"$$hashKey":"object:57917"},{"text":"%sql\n\nDESCRIBE TABLE dimproduct","user":"anonymous","dateUpdated":"2021-05-20T17:16:02+0000","config":{"colWidth":12,"fontSize":9,"enabled":true,"results":{"0":{"graph":{"mode":"table","height":300,"optionOpen":false,"setting":{"table":{"tableGridState":{},"tableColumnTypeState":{"names":{"col_name":"string","data_type":"string","comment":"string"},"updated":false},"tableOptionSpecHash":"[{\"name\":\"useFilter\",\"valueType\":\"boolean\",\"defaultValue\":false,\"widget\":\"checkbox\",\"description\":\"Enable filter for columns\"},{\"name\":\"showPagination\",\"valueType\":\"boolean\",\"defaultValue\":false,\"widget\":\"checkbox\",\"description\":\"Enable pagination for better navigation\"},{\"name\":\"showAggregationFooter\",\"valueType\":\"boolean\",\"defaultValue\":false,\"widget\":\"checkbox\",\"description\":\"Enable a footer for displaying aggregated values\"}]","tableOptionValue":{"useFilter":false,"showPagination":false,"showAggregationFooter":false},"updated":false,"initialized":false}},"commonSetting":{}}}},"editorSetting":{"language":"scala","editOnDblClick":false,"completionKey":"TAB","completionSupport":true},"editorMode":"ace/mode/scala"},"settings":{"params":{},"forms":{}},"apps":[],"jobName":"paragraph_1621530861910_-2146191891","id":"20210520-171421_1616994877","dateCreated":"2021-05-20T17:14:21+0000","status":"FINISHED","progressUpdateIntervalMs":500,"focus":true,"$$hashKey":"object:64936","dateFinished":"2021-05-20T17:16:03+0000","dateStarted":"2021-05-20T17:16:02+0000","results":{"code":"SUCCESS","msg":[{"type":"TABLE","data":"col_name\tdata_type\tcomment\nProductKey\tint\tnull\nProductAlternateKey\tstring\tnull\nProductSubcategoryKey\tstring\tnull\nWeightUnitMeasureCode\tstring\tnull\nSizeUnitMeasureCode\tstring\tnull\nEnglishProductName\tstring\tnull\nSpanishProductName\tstring\tnull\nFrenchProductName\tstring\tnull\nStandardCost\tstring\tnull\nFinishedGoodsFlag\tint\tnull\nColor\tstring\tnull\nSafetyStockLevel\tint\tnull\nReorderPoint\tint\tnull\nListPrice\tstring\tnull\nSize\tstring\tnull\nSizeRange\tstring\tnull\nWeight\tstring\tnull\nDaysToManufacture\tint\tnull\nProductLine\tstring\tnull\nDealerPrice\tstring\tnull\nClass\tstring\tnull\nStyle\tstring\tnull\nModelName\tstring\tnull\nLargePhoto\tstring\tnull\nEnglishDescription\tstring\tnull\nFrenchDescription\tstring\tnull\nChineseDescription\tstring\tnull\nArabicDescription\tstring\tnull\nHebrewDescription\tstring\tnull\nThaiDescription\tstring\tnull\nGermanDescription\tstring\tnull\nJapaneseDescription\tstring\tnull\nTurkishDescription\tstring\tnull\nStartDate\tstring\tnull\nEndDate\tstring\tnull\nStatus\tstring\tnull"},{"type":"HTML","data":"<hr/>Spark Application Id: application_1621523488736_0008<br/>Spark WebUI: <a href=\"http://hn1-hdibpc.azhjkvldhjduvd2qp4tphmpqfg.bx.internal.cloudapp.net:8088/proxy/application_1621523488736_0008/\">http://hn1-hdibpc.azhjkvldhjduvd2qp4tphmpqfg.bx.internal.cloudapp.net:8088/proxy/application_1621523488736_0008/</a>"}]}},{"title":"Anti Join","text":"%sql\n\nSELECT     p.ProductKey, p.EnglishProductName as Product\nFROM       dimproduct                 p\nANTI JOIN  dimproductsubcategory      psc\nON (p.ProductSubcategoryKey = psc.ProductSubcategoryKey)\n-- WHERE psc.ProductSubcategoryKey IS NULL  -- This column is not in the results so cannot refer to it.\nLIMIT 3","user":"anonymous","dateUpdated":"2021-05-20T17:21:11+0000","config":{"colWidth":12,"fontSize":9,"enabled":true,"results":{"0":{"graph":{"mode":"table","height":300,"optionOpen":false,"setting":{"table":{"tableGridState":{},"tableColumnTypeState":{"names":{"ProductKey":"string","Product":"string"},"updated":false},"tableOptionSpecHash":"[{\"name\":\"useFilter\",\"valueType\":\"boolean\",\"defaultValue\":false,\"widget\":\"checkbox\",\"description\":\"Enable filter for columns\"},{\"name\":\"showPagination\",\"valueType\":\"boolean\",\"defaultValue\":false,\"widget\":\"checkbox\",\"description\":\"Enable pagination for better navigation\"},{\"name\":\"showAggregationFooter\",\"valueType\":\"boolean\",\"defaultValue\":false,\"widget\":\"checkbox\",\"description\":\"Enable a footer for displaying aggregated values\"}]","tableOptionValue":{"useFilter":false,"showPagination":false,"showAggregationFooter":false},"updated":false,"initialized":false}},"commonSetting":{}}}},"editorSetting":{"language":"sql","editOnDblClick":false,"completionKey":"TAB","completionSupport":true},"editorMode":"ace/mode/sql","title":true},"settings":{"params":{},"forms":{}},"apps":[],"jobName":"paragraph_1621524974584_90234056","id":"20210520-153614_1963179296","dateCreated":"2021-05-20T15:36:14+0000","status":"FINISHED","progressUpdateIntervalMs":500,"$$hashKey":"object:57918","dateFinished":"2021-05-20T17:21:13+0000","dateStarted":"2021-05-20T17:21:11+0000","results":{"code":"SUCCESS","msg":[{"type":"TABLE","data":"ProductKey\tProduct\n1\tAdjustable Race\n2\tBearing Ball\n3\tBB Ball Bearing"},{"type":"HTML","data":"<hr/>Spark Application Id: application_1621523488736_0008<br/>Spark WebUI: <a href=\"http://hn1-hdibpc.azhjkvldhjduvd2qp4tphmpqfg.bx.internal.cloudapp.net:8088/proxy/application_1621523488736_0008/\">http://hn1-hdibpc.azhjkvldhjduvd2qp4tphmpqfg.bx.internal.cloudapp.net:8088/proxy/application_1621523488736_0008/</a>"}]}},{"text":"%md\n\n### This code raises an error because we cannot refer to columns on the right side of an anti join\n### as they are not returned in the results.","user":"anonymous","dateUpdated":"2021-05-20T17:23:00+0000","config":{"colWidth":12,"fontSize":9,"enabled":true,"results":{},"editorSetting":{"language":"scala","editOnDblClick":false,"completionKey":"TAB","completionSupport":true},"editorMode":"ace/mode/scala"},"settings":{"params":{},"forms":{}},"apps":[],"jobName":"paragraph_1621531282882_199423341","id":"20210520-172122_905140800","dateCreated":"2021-05-20T17:21:22+0000","status":"FINISHED","progressUpdateIntervalMs":500,"focus":true,"$$hashKey":"object:67209","dateFinished":"2021-05-20T17:23:00+0000","dateStarted":"2021-05-20T17:23:00+0000","results":{"code":"SUCCESS","msg":[{"type":"HTML","data":"<h3>This code raises an error because we cannot refer to columns on the right side of an anti join</h3>\n<h3>as they are not returned in the results.</h3>\n"}]}},{"text":"%sql\n\nSELECT     p.ProductKey, p.EnglishProductName as Product, psc.ProductSubcategoryKey\nFROM       dimproduct                 p\nANTI JOIN  dimproductsubcategory      psc\nON (p.ProductSubcategoryKey = psc.ProductSubcategoryKey)\nWHERE psc.ProductSubcategoryKey IS NULL  -- This column is not in the results\nLIMIT 3","user":"anonymous","dateUpdated":"2021-05-20T17:22:19+0000","config":{"colWidth":12,"fontSize":9,"enabled":true,"results":{},"editorSetting":{"language":"sql","editOnDblClick":false,"completionKey":"TAB","completionSupport":true},"editorMode":"ace/mode/sql"},"settings":{"params":{},"forms":{}},"apps":[],"jobName":"paragraph_1621530797751_1628613020","id":"20210520-171317_1805449576","dateCreated":"2021-05-20T17:13:17+0000","status":"ERROR","progressUpdateIntervalMs":500,"focus":true,"$$hashKey":"object:64815","dateFinished":"2021-05-20T17:22:20+0000","dateStarted":"2021-05-20T17:22:19+0000","results":{"code":"ERROR","msg":[{"type":"TEXT","data":"org.apache.spark.sql.AnalysisException: cannot resolve '`psc.ProductSubcategoryKey`' given input columns: [p.Style, p.SizeUnitMeasureCode, p.EnglishProductName, p.EnglishDescription, p.ReorderPoint, p.ChineseDescription, p.ArabicDescription, p.ProductAlternateKey, p.SizeRange, p.ProductKey, p.EndDate, p.Color, p.Class, p.HebrewDescription, p.JapaneseDescription, p.ModelName, p.StandardCost, p.FrenchProductName, p.DaysToManufacture, p.WeightUnitMeasureCode, p.Weight, p.FrenchDescription, p.LargePhoto, p.DealerPrice, p.ListPrice, p.GermanDescription, p.SafetyStockLevel, p.SpanishProductName, p.ThaiDescription, p.Size, p.ProductSubcategoryKey, p.TurkishDescription, p.ProductLine, p.FinishedGoodsFlag, p.Status, p.StartDate]; line 5 pos 6;\n'GlobalLimit 3\n+- 'LocalLimit 3\n   +- 'Project ['p.ProductKey, 'p.EnglishProductName AS Product#821, 'psc.ProductSubcategoryKey]\n      +- 'Filter isnull('psc.ProductSubcategoryKey)\n         +- Join LeftAnti, (cast(ProductSubcategoryKey#316 as int) = ProductSubcategoryKey#350)\n            :- SubqueryAlias `p`\n            :  +- SubqueryAlias `awproject`.`dimproduct`\n            :     +- Relation[ProductKey#314,ProductAlternateKey#315,ProductSubcategoryKey#316,WeightUnitMeasureCode#317,SizeUnitMeasureCode#318,EnglishProductName#319,SpanishProductName#320,FrenchProductName#321,StandardCost#322,FinishedGoodsFlag#323,Color#324,SafetyStockLevel#325,ReorderPoint#326,ListPrice#327,Size#328,SizeRange#329,Weight#330,DaysToManufacture#331,ProductLine#332,DealerPrice#333,Class#334,Style#335,ModelName#336,LargePhoto#337,... 12 more fields] csv\n            +- SubqueryAlias `psc`\n               +- SubqueryAlias `awproject`.`dimproductsubcategory`\n                  +- Relation[ProductSubcategoryKey#350,ProductSubcategoryAlternateKey#351,EnglishProductSubcategoryName#352,SpanishProductSubcategoryName#353,FrenchProductSubcategoryName#354,ProductCategoryKey#355] csv\n\n  at org.apache.spark.sql.catalyst.analysis.package$AnalysisErrorAt.failAnalysis(package.scala:42)\n  at org.apache.spark.sql.catalyst.analysis.CheckAnalysis$$anonfun$checkAnalysis$1$$anonfun$apply$3.applyOrElse(CheckAnalysis.scala:111)\n  at org.apache.spark.sql.catalyst.analysis.CheckAnalysis$$anonfun$checkAnalysis$1$$anonfun$apply$3.applyOrElse(CheckAnalysis.scala:108)\n  at org.apache.spark.sql.catalyst.trees.TreeNode$$anonfun$transformUp$1.apply(TreeNode.scala:281)\n  at org.apache.spark.sql.catalyst.trees.TreeNode$$anonfun$transformUp$1.apply(TreeNode.scala:281)\n  at org.apache.spark.sql.catalyst.trees.CurrentOrigin$.withOrigin(TreeNode.scala:70)\n  at org.apache.spark.sql.catalyst.trees.TreeNode.transformUp(TreeNode.scala:280)\n  at org.apache.spark.sql.catalyst.trees.TreeNode$$anonfun$3.apply(TreeNode.scala:278)\n  at org.apache.spark.sql.catalyst.trees.TreeNode$$anonfun$3.apply(TreeNode.scala:278)\n  at org.apache.spark.sql.catalyst.trees.TreeNode$$anonfun$4.apply(TreeNode.scala:329)\n  at org.apache.spark.sql.catalyst.trees.TreeNode.mapProductIterator(TreeNode.scala:187)\n  at org.apache.spark.sql.catalyst.trees.TreeNode.mapChildren(TreeNode.scala:327)\n  at org.apache.spark.sql.catalyst.trees.TreeNode.transformUp(TreeNode.scala:278)\n  at org.apache.spark.sql.catalyst.plans.QueryPlan$$anonfun$transformExpressionsUp$1.apply(QueryPlan.scala:93)\n  at org.apache.spark.sql.catalyst.plans.QueryPlan$$anonfun$transformExpressionsUp$1.apply(QueryPlan.scala:93)\n  at org.apache.spark.sql.catalyst.plans.QueryPlan$$anonfun$1.apply(QueryPlan.scala:105)\n  at org.apache.spark.sql.catalyst.plans.QueryPlan$$anonfun$1.apply(QueryPlan.scala:105)\n  at org.apache.spark.sql.catalyst.trees.CurrentOrigin$.withOrigin(TreeNode.scala:70)\n  at org.apache.spark.sql.catalyst.plans.QueryPlan.transformExpression$1(QueryPlan.scala:104)\n  at org.apache.spark.sql.catalyst.plans.QueryPlan.org$apache$spark$sql$catalyst$plans$QueryPlan$$recursiveTransform$1(QueryPlan.scala:116)\n  at org.apache.spark.sql.catalyst.plans.QueryPlan$$anonfun$2.apply(QueryPlan.scala:126)\n  at org.apache.spark.sql.catalyst.trees.TreeNode.mapProductIterator(TreeNode.scala:187)\n  at org.apache.spark.sql.catalyst.plans.QueryPlan.mapExpressions(QueryPlan.scala:126)\n  at org.apache.spark.sql.catalyst.plans.QueryPlan.transformExpressionsUp(QueryPlan.scala:93)\n  at org.apache.spark.sql.catalyst.analysis.CheckAnalysis$$anonfun$checkAnalysis$1.apply(CheckAnalysis.scala:108)\n  at org.apache.spark.sql.catalyst.analysis.CheckAnalysis$$anonfun$checkAnalysis$1.apply(CheckAnalysis.scala:86)\n  at org.apache.spark.sql.catalyst.trees.TreeNode.foreachUp(TreeNode.scala:127)\n  at org.apache.spark.sql.catalyst.trees.TreeNode$$anonfun$foreachUp$1.apply(TreeNode.scala:126)\n  at org.apache.spark.sql.catalyst.trees.TreeNode$$anonfun$foreachUp$1.apply(TreeNode.scala:126)\n  at scala.collection.immutable.List.foreach(List.scala:392)\n  at org.apache.spark.sql.catalyst.trees.TreeNode.foreachUp(TreeNode.scala:126)\n  at org.apache.spark.sql.catalyst.trees.TreeNode$$anonfun$foreachUp$1.apply(TreeNode.scala:126)\n  at org.apache.spark.sql.catalyst.trees.TreeNode$$anonfun$foreachUp$1.apply(TreeNode.scala:126)\n  at scala.collection.immutable.List.foreach(List.scala:392)\n  at org.apache.spark.sql.catalyst.trees.TreeNode.foreachUp(TreeNode.scala:126)\n  at org.apache.spark.sql.catalyst.trees.TreeNode$$anonfun$foreachUp$1.apply(TreeNode.scala:126)\n  at org.apache.spark.sql.catalyst.trees.TreeNode$$anonfun$foreachUp$1.apply(TreeNode.scala:126)\n  at scala.collection.immutable.List.foreach(List.scala:392)\n  at org.apache.spark.sql.catalyst.trees.TreeNode.foreachUp(TreeNode.scala:126)\n  at org.apache.spark.sql.catalyst.analysis.CheckAnalysis$class.checkAnalysis(CheckAnalysis.scala:86)\n  at org.apache.spark.sql.catalyst.analysis.Analyzer.checkAnalysis(Analyzer.scala:95)\n  at org.apache.spark.sql.catalyst.analysis.Analyzer$$anonfun$executeAndCheck$1.apply(Analyzer.scala:108)\n  at org.apache.spark.sql.catalyst.analysis.Analyzer$$anonfun$executeAndCheck$1.apply(Analyzer.scala:105)\n  at org.apache.spark.sql.catalyst.plans.logical.AnalysisHelper$.markInAnalyzer(AnalysisHelper.scala:201)\n  at org.apache.spark.sql.catalyst.analysis.Analyzer.executeAndCheck(Analyzer.scala:105)\n  at org.apache.spark.sql.execution.QueryExecution.analyzed$lzycompute(QueryExecution.scala:57)\n  at org.apache.spark.sql.execution.QueryExecution.analyzed(QueryExecution.scala:55)\n  at org.apache.spark.sql.execution.QueryExecution.assertAnalyzed(QueryExecution.scala:47)\n  at org.apache.spark.sql.Dataset$.ofRows(Dataset.scala:78)\n  at org.apache.spark.sql.SparkSession.sql(SparkSession.scala:642)\n  ... 50 elided\n"}]}}],"name":"AW_SQL_DQL_Joins_Spark","id":"2G5T5H69U","noteParams":{},"noteForms":{},"angularObjects":{"md:shared_process":[],"livy2:shared_process":[]},"config":{"isZeppelinNotebookCronEnable":false,"looknfeel":"default","personalizedMode":"false"},"info":{}}