﻿{"paragraphs":[{"user":"anonymous","config":{"colWidth":12,"fontSize":9,"enabled":true,"results":{},"editorSetting":{"language":"markdown","editOnDblClick":true,"completionKey":"TAB","completionSupport":false},"editorMode":"ace/mode/markdown","editorHide":true,"tableHide":false},"settings":{"params":{},"forms":{}},"apps":[],"jobName":"paragraph_1621527538456_1330249698","id":"20210520-161858_1263616074","dateCreated":"2021-05-20T16:18:58+0000","status":"FINISHED","progressUpdateIntervalMs":500,"focus":true,"$$hashKey":"object:19916","text":"%md\r\n\r\n### Notebook Name: AW_SQL_SetOperators\r\n#### Author: Bryan Cafferky, BPC Global Solutions LLC\r\n### \r\n#### Purpose:  Demonstrate using Spark SQL Set Operators.  Not for production use.\r\n####           Just intended to explain the concepts.","dateUpdated":"2021-05-20T16:19:12+0000","dateFinished":"2021-05-20T16:19:12+0000","dateStarted":"2021-05-20T16:19:12+0000","results":{"code":"SUCCESS","msg":[{"type":"HTML","data":"<h3>Notebook Name: AW_SQL_SetOperators</h3>\n<h4>Author: Bryan Cafferky, BPC Global Solutions LLC</h4>\n<h3></h3>\n<h4>Purpose:  Demonstrate using Spark SQL Set Operators.  Not for production use.</h4>\n<h4>Just intended to explain the concepts.</h4>\n"}]}},{"text":"%md\n%md\n## Using Spark SQL Set Operators:\n\n- UNION and UNION ALL\n- UNION DISTINCT\n- INTERSECT\n- EXCEPT or Minus","user":"anonymous","dateUpdated":"2021-05-20T16:19:28+0000","config":{"colWidth":12,"fontSize":9,"enabled":true,"results":{},"editorSetting":{"language":"scala","editOnDblClick":false,"completionKey":"TAB","completionSupport":true},"editorMode":"ace/mode/scala"},"settings":{"params":{},"forms":{}},"apps":[],"jobName":"paragraph_1621527552353_186846781","id":"20210520-161912_1217470155","dateCreated":"2021-05-20T16:19:12+0000","status":"FINISHED","progressUpdateIntervalMs":500,"focus":true,"$$hashKey":"object:19996","dateFinished":"2021-05-20T16:19:28+0000","dateStarted":"2021-05-20T16:19:28+0000","results":{"code":"SUCCESS","msg":[{"type":"HTML","data":"<p>%md</p>\n<h2>Using Spark SQL Set Operators:</h2>\n<ul>\n<li>UNION and UNION ALL</li>\n<li>UNION DISTINCT</li>\n<li>INTERSECT</li>\n<li>EXCEPT or Minus</li>\n</ul>\n"}]}},{"text":"%md \r\n\r\n#### Operator descriptions copied from Databricks documentation at:\r\n\r\nhttps://docs.databricks.com/spark/latest/spark-sql/language-manual/sql-ref-syntax-qry-select-setops.html","user":"anonymous","dateUpdated":"2021-05-20T16:19:59+0000","config":{"colWidth":12,"fontSize":9,"enabled":true,"results":{},"editorSetting":{"language":"markdown","editOnDblClick":true,"completionKey":"TAB","completionSupport":false},"editorMode":"ace/mode/markdown","editorHide":true,"tableHide":false},"settings":{"params":{},"forms":{}},"apps":[],"jobName":"paragraph_1621527568668_1242213764","id":"20210520-161928_1427322012","dateCreated":"2021-05-20T16:19:28+0000","status":"FINISHED","progressUpdateIntervalMs":500,"focus":true,"$$hashKey":"object:20095","dateFinished":"2021-05-20T16:19:59+0000","dateStarted":"2021-05-20T16:19:59+0000","results":{"code":"SUCCESS","msg":[{"type":"HTML","data":"<h4>Operator descriptions copied from Databricks documentation at:</h4>\n<p>https://docs.databricks.com/spark/latest/spark-sql/language-manual/sql-ref-syntax-qry-select-setops.html</p>\n"}]}},{"text":"%sql\n\nUSE awproject","user":"anonymous","dateUpdated":"2021-05-20T16:20:19+0000","config":{"colWidth":12,"fontSize":9,"enabled":true,"results":{"0":{"graph":{"mode":"table","height":300,"optionOpen":false,"setting":{"table":{"tableGridState":{},"tableColumnTypeState":{"names":{}},"tableOptionSpecHash":"[{\"name\":\"useFilter\",\"valueType\":\"boolean\",\"defaultValue\":false,\"widget\":\"checkbox\",\"description\":\"Enable filter for columns\"},{\"name\":\"showPagination\",\"valueType\":\"boolean\",\"defaultValue\":false,\"widget\":\"checkbox\",\"description\":\"Enable pagination for better navigation\"},{\"name\":\"showAggregationFooter\",\"valueType\":\"boolean\",\"defaultValue\":false,\"widget\":\"checkbox\",\"description\":\"Enable a footer for displaying aggregated values\"}]","tableOptionValue":{"useFilter":false,"showPagination":false,"showAggregationFooter":false},"updated":false,"initialized":false}},"commonSetting":{}}}},"editorSetting":{"language":"sql","editOnDblClick":false,"completionKey":"TAB","completionSupport":true},"editorMode":"ace/mode/sql"},"settings":{"params":{},"forms":{}},"apps":[],"jobName":"paragraph_1621527599506_1241854724","id":"20210520-161959_1326100490","dateCreated":"2021-05-20T16:19:59+0000","status":"FINISHED","progressUpdateIntervalMs":500,"focus":true,"$$hashKey":"object:20180","dateFinished":"2021-05-20T16:20:19+0000","dateStarted":"2021-05-20T16:20:18+0000","results":{"code":"SUCCESS","msg":[{"type":"TABLE","data":""},{"type":"HTML","data":"<hr/>Spark Application Id: application_1621523488736_0007<br/>Spark WebUI: <a href=\"http://hn1-hdibpc.azhjkvldhjduvd2qp4tphmpqfg.bx.internal.cloudapp.net:8088/proxy/application_1621523488736_0007/\">http://hn1-hdibpc.azhjkvldhjduvd2qp4tphmpqfg.bx.internal.cloudapp.net:8088/proxy/application_1621523488736_0007/</a>"}]}},{"text":"%sql\n\nSHOW TABLES","user":"anonymous","dateUpdated":"2021-05-20T16:20:37+0000","config":{"colWidth":12,"fontSize":9,"enabled":true,"results":{"0":{"graph":{"mode":"table","height":300,"optionOpen":false,"setting":{"table":{"tableGridState":{},"tableColumnTypeState":{"names":{"database":"string","tableName":"string","isTemporary":"string"},"updated":false},"tableOptionSpecHash":"[{\"name\":\"useFilter\",\"valueType\":\"boolean\",\"defaultValue\":false,\"widget\":\"checkbox\",\"description\":\"Enable filter for columns\"},{\"name\":\"showPagination\",\"valueType\":\"boolean\",\"defaultValue\":false,\"widget\":\"checkbox\",\"description\":\"Enable pagination for better navigation\"},{\"name\":\"showAggregationFooter\",\"valueType\":\"boolean\",\"defaultValue\":false,\"widget\":\"checkbox\",\"description\":\"Enable a footer for displaying aggregated values\"}]","tableOptionValue":{"useFilter":false,"showPagination":false,"showAggregationFooter":false},"updated":false,"initialized":false}},"commonSetting":{}}}},"editorSetting":{"language":"sql","editOnDblClick":false,"completionKey":"TAB","completionSupport":true},"editorMode":"ace/mode/sql"},"settings":{"params":{},"forms":{}},"apps":[],"jobName":"paragraph_1621527618176_-626642230","id":"20210520-162018_1763747937","dateCreated":"2021-05-20T16:20:18+0000","status":"FINISHED","progressUpdateIntervalMs":500,"focus":true,"$$hashKey":"object:20272","dateFinished":"2021-05-20T16:20:37+0000","dateStarted":"2021-05-20T16:20:36+0000","results":{"code":"SUCCESS","msg":[{"type":"TABLE","data":"database\ttableName\tisTemporary\nawproject\tdimcustomer\tfalse\nawproject\tdimdate\tfalse\nawproject\tdimgeography\tfalse\nawproject\tdimproduct\tfalse\nawproject\tdimproductcategory\tfalse\nawproject\tdimproductsubcate...\tfalse\nawproject\tdimsalesreason\tfalse\nawproject\tdimsalesterritory\tfalse\nawproject\tfactinternetsales\tfalse\nawproject\tfactinternetsales...\tfalse"},{"type":"HTML","data":"<hr/>Spark Application Id: application_1621523488736_0007<br/>Spark WebUI: <a href=\"http://hn1-hdibpc.azhjkvldhjduvd2qp4tphmpqfg.bx.internal.cloudapp.net:8088/proxy/application_1621523488736_0007/\">http://hn1-hdibpc.azhjkvldhjduvd2qp4tphmpqfg.bx.internal.cloudapp.net:8088/proxy/application_1621523488736_0007/</a>"}]}},{"text":"%sql\nDROP TABLE IF EXISTS productlist1","user":"anonymous","dateUpdated":"2021-05-20T16:21:20+0000","config":{"colWidth":12,"fontSize":9,"enabled":true,"results":{"0":{"graph":{"mode":"table","height":300,"optionOpen":false,"setting":{"table":{"tableGridState":{},"tableColumnTypeState":{"names":{}},"tableOptionSpecHash":"[{\"name\":\"useFilter\",\"valueType\":\"boolean\",\"defaultValue\":false,\"widget\":\"checkbox\",\"description\":\"Enable filter for columns\"},{\"name\":\"showPagination\",\"valueType\":\"boolean\",\"defaultValue\":false,\"widget\":\"checkbox\",\"description\":\"Enable pagination for better navigation\"},{\"name\":\"showAggregationFooter\",\"valueType\":\"boolean\",\"defaultValue\":false,\"widget\":\"checkbox\",\"description\":\"Enable a footer for displaying aggregated values\"}]","tableOptionValue":{"useFilter":false,"showPagination":false,"showAggregationFooter":false},"updated":false,"initialized":false}},"commonSetting":{}}}},"editorSetting":{"language":"sql","editOnDblClick":false,"completionKey":"TAB","completionSupport":true},"editorMode":"ace/mode/sql"},"settings":{"params":{},"forms":{}},"apps":[],"jobName":"paragraph_1621527636142_286873231","id":"20210520-162036_149566960","dateCreated":"2021-05-20T16:20:36+0000","status":"FINISHED","progressUpdateIntervalMs":500,"focus":true,"$$hashKey":"object:20589","dateFinished":"2021-05-20T16:21:20+0000","dateStarted":"2021-05-20T16:21:19+0000","results":{"code":"SUCCESS","msg":[{"type":"TABLE","data":""},{"type":"HTML","data":"<hr/>Spark Application Id: application_1621523488736_0007<br/>Spark WebUI: <a href=\"http://hn1-hdibpc.azhjkvldhjduvd2qp4tphmpqfg.bx.internal.cloudapp.net:8088/proxy/application_1621523488736_0007/\">http://hn1-hdibpc.azhjkvldhjduvd2qp4tphmpqfg.bx.internal.cloudapp.net:8088/proxy/application_1621523488736_0007/</a>"}]}},{"text":"%sql\n\nCREATE TABLE productlist1 as\nSELECT ProductKey, p.EnglishProductName as Product, psc.EnglishProductSubcategoryName as Subcategory\nFROM       dimproduct            p\nINNER JOIN dimproductsubcategory psc\nON (p.ProductSubcategoryKey = psc.ProductSubcategoryKey)\nWHERE ProductKey in (210, 211, 212, 215)\n","user":"anonymous","dateUpdated":"2021-05-20T16:22:23+0000","config":{"colWidth":12,"fontSize":9,"enabled":true,"results":{"0":{"graph":{"mode":"table","height":300,"optionOpen":false,"setting":{"table":{"tableGridState":{},"tableColumnTypeState":{"names":{}},"tableOptionSpecHash":"[{\"name\":\"useFilter\",\"valueType\":\"boolean\",\"defaultValue\":false,\"widget\":\"checkbox\",\"description\":\"Enable filter for columns\"},{\"name\":\"showPagination\",\"valueType\":\"boolean\",\"defaultValue\":false,\"widget\":\"checkbox\",\"description\":\"Enable pagination for better navigation\"},{\"name\":\"showAggregationFooter\",\"valueType\":\"boolean\",\"defaultValue\":false,\"widget\":\"checkbox\",\"description\":\"Enable a footer for displaying aggregated values\"}]","tableOptionValue":{"useFilter":false,"showPagination":false,"showAggregationFooter":false},"updated":false,"initialized":false}},"commonSetting":{}}}},"editorSetting":{"language":"sql","editOnDblClick":false,"completionKey":"TAB","completionSupport":true},"editorMode":"ace/mode/sql"},"settings":{"params":{},"forms":{}},"apps":[],"jobName":"paragraph_1621527672891_718990138","id":"20210520-162112_945733828","dateCreated":"2021-05-20T16:21:12+0000","status":"FINISHED","progressUpdateIntervalMs":500,"focus":true,"$$hashKey":"object:21300","dateFinished":"2021-05-20T16:22:23+0000","dateStarted":"2021-05-20T16:22:17+0000","results":{"code":"SUCCESS","msg":[{"type":"TABLE","data":""},{"type":"HTML","data":"<hr/>Spark Application Id: application_1621523488736_0007<br/>Spark WebUI: <a href=\"http://hn1-hdibpc.azhjkvldhjduvd2qp4tphmpqfg.bx.internal.cloudapp.net:8088/proxy/application_1621523488736_0007/\">http://hn1-hdibpc.azhjkvldhjduvd2qp4tphmpqfg.bx.internal.cloudapp.net:8088/proxy/application_1621523488736_0007/</a>"}]}},{"text":"%sql\n\nDESCRIBE TABLE EXTENDED productlist1\n","user":"anonymous","dateUpdated":"2021-05-20T16:22:36+0000","config":{"colWidth":12,"fontSize":9,"enabled":true,"results":{"0":{"graph":{"mode":"table","height":300,"optionOpen":false,"setting":{"table":{"tableGridState":{},"tableColumnTypeState":{"names":{"col_name":"string","data_type":"string","comment":"string"},"updated":false},"tableOptionSpecHash":"[{\"name\":\"useFilter\",\"valueType\":\"boolean\",\"defaultValue\":false,\"widget\":\"checkbox\",\"description\":\"Enable filter for columns\"},{\"name\":\"showPagination\",\"valueType\":\"boolean\",\"defaultValue\":false,\"widget\":\"checkbox\",\"description\":\"Enable pagination for better navigation\"},{\"name\":\"showAggregationFooter\",\"valueType\":\"boolean\",\"defaultValue\":false,\"widget\":\"checkbox\",\"description\":\"Enable a footer for displaying aggregated values\"}]","tableOptionValue":{"useFilter":false,"showPagination":false,"showAggregationFooter":false},"updated":false,"initialized":false}},"commonSetting":{}}}},"editorSetting":{"language":"sql","editOnDblClick":false,"completionKey":"TAB","completionSupport":true},"editorMode":"ace/mode/sql"},"settings":{"params":{},"forms":{}},"apps":[],"jobName":"paragraph_1621527729049_-1858344513","id":"20210520-162209_920395588","dateCreated":"2021-05-20T16:22:09+0000","status":"FINISHED","progressUpdateIntervalMs":500,"focus":true,"$$hashKey":"object:21644","dateFinished":"2021-05-20T16:22:35+0000","dateStarted":"2021-05-20T16:22:34+0000","results":{"code":"SUCCESS","msg":[{"type":"TABLE","data":"col_name\tdata_type\tcomment\nProductKey\tint\tnull\nProduct\tstring\tnull\nSubcategory\tstring\tnull\n\t\t\n# Detailed Table ...\t\t\nDatabase\tawproject\t\nTable\tproductlist1\t\nOwner\tlivy\t\nCreated Time\tThu May 20 16:22:...\t\nLast Access\tThu Jan 01 00:00:...\t\nCreated By\tSpark 2.4.6.4.1.4.8\t\nType\tMANAGED\t\nProvider\thive\t\nTable Properties\t[bucketing_versio...\t\nLocation\twasbs:\\/\\/aweda@aws...\t\nSerde Library\torg.apache.hadoop...\t\nInputFormat\torg.apache.hadoop...\t\nOutputFormat\torg.apache.hadoop...\t\nStorage Properties\t[serialization.fo...\t\nPartition Provider\tCatalog\t"},{"type":"HTML","data":"<hr/>Spark Application Id: application_1621523488736_0007<br/>Spark WebUI: <a href=\"http://hn1-hdibpc.azhjkvldhjduvd2qp4tphmpqfg.bx.internal.cloudapp.net:8088/proxy/application_1621523488736_0007/\">http://hn1-hdibpc.azhjkvldhjduvd2qp4tphmpqfg.bx.internal.cloudapp.net:8088/proxy/application_1621523488736_0007/</a>"}]}},{"text":"%sql\n\nCREATE TABLE IF NOT EXISTS productlist2 as\nSELECT ProductKey, p.EnglishProductName as Product, psc.EnglishProductSubcategoryName as Subcategory\nFROM       dimproduct            p\nINNER JOIN dimproductsubcategory psc\nON (p.ProductSubcategoryKey = psc.ProductSubcategoryKey)\nWHERE ProductKey in (210, 215, 222, 224)","user":"anonymous","dateUpdated":"2021-05-20T16:23:08+0000","config":{"colWidth":12,"fontSize":9,"enabled":true,"results":{"0":{"graph":{"mode":"table","height":300,"optionOpen":false,"setting":{"table":{"tableGridState":{},"tableColumnTypeState":{"names":{}},"tableOptionSpecHash":"[{\"name\":\"useFilter\",\"valueType\":\"boolean\",\"defaultValue\":false,\"widget\":\"checkbox\",\"description\":\"Enable filter for columns\"},{\"name\":\"showPagination\",\"valueType\":\"boolean\",\"defaultValue\":false,\"widget\":\"checkbox\",\"description\":\"Enable pagination for better navigation\"},{\"name\":\"showAggregationFooter\",\"valueType\":\"boolean\",\"defaultValue\":false,\"widget\":\"checkbox\",\"description\":\"Enable a footer for displaying aggregated values\"}]","tableOptionValue":{"useFilter":false,"showPagination":false,"showAggregationFooter":false},"updated":false,"initialized":false}},"commonSetting":{}}}},"editorSetting":{"language":"sql","editOnDblClick":false,"completionKey":"TAB","completionSupport":true},"editorMode":"ace/mode/sql"},"settings":{"params":{},"forms":{}},"apps":[],"jobName":"paragraph_1621527754737_1446861347","id":"20210520-162234_1583620132","dateCreated":"2021-05-20T16:22:34+0000","status":"FINISHED","progressUpdateIntervalMs":500,"focus":true,"$$hashKey":"object:21874","dateFinished":"2021-05-20T16:23:07+0000","dateStarted":"2021-05-20T16:23:02+0000","results":{"code":"SUCCESS","msg":[{"type":"TABLE","data":""},{"type":"HTML","data":"<hr/>Spark Application Id: application_1621523488736_0007<br/>Spark WebUI: <a href=\"http://hn1-hdibpc.azhjkvldhjduvd2qp4tphmpqfg.bx.internal.cloudapp.net:8088/proxy/application_1621523488736_0007/\">http://hn1-hdibpc.azhjkvldhjduvd2qp4tphmpqfg.bx.internal.cloudapp.net:8088/proxy/application_1621523488736_0007/</a>"}]}},{"text":"%sql\n\nSELECT * \nFROM            productlist1 p1\nFULL OUTER JOIN productlist2 p2\non (p1.ProductKey = p2.ProductKey)\nORDER BY ifnull(p1.ProductKey,9999) ","user":"anonymous","dateUpdated":"2021-05-20T16:23:25+0000","config":{"colWidth":12,"fontSize":9,"enabled":true,"results":{"0":{"graph":{"mode":"table","height":300,"optionOpen":false,"setting":{"table":{"tableGridState":{},"tableColumnTypeState":{"names":{"ProductKey":"string","Product":"string","Subcategory":"string"},"updated":false},"tableOptionSpecHash":"[{\"name\":\"useFilter\",\"valueType\":\"boolean\",\"defaultValue\":false,\"widget\":\"checkbox\",\"description\":\"Enable filter for columns\"},{\"name\":\"showPagination\",\"valueType\":\"boolean\",\"defaultValue\":false,\"widget\":\"checkbox\",\"description\":\"Enable pagination for better navigation\"},{\"name\":\"showAggregationFooter\",\"valueType\":\"boolean\",\"defaultValue\":false,\"widget\":\"checkbox\",\"description\":\"Enable a footer for displaying aggregated values\"}]","tableOptionValue":{"useFilter":false,"showPagination":false,"showAggregationFooter":false},"updated":false,"initialized":false}},"commonSetting":{}}}},"editorSetting":{"language":"sql","editOnDblClick":false,"completionKey":"TAB","completionSupport":true},"editorMode":"ace/mode/sql"},"settings":{"params":{},"forms":{}},"apps":[],"jobName":"paragraph_1621527774268_312405922","id":"20210520-162254_1564760461","dateCreated":"2021-05-20T16:22:54+0000","status":"FINISHED","progressUpdateIntervalMs":500,"focus":true,"$$hashKey":"object:22795","dateFinished":"2021-05-20T16:23:24+0000","dateStarted":"2021-05-20T16:23:19+0000","results":{"code":"SUCCESS","msg":[{"type":"TABLE","data":"ProductKey\tProduct\tSubcategory\tProductKey\tProduct\tSubcategory\n210\tHL Road Frame - B...\tRoad Frames\t210\tHL Road Frame - B...\tRoad Frames\n211\tHL Road Frame - R...\tRoad Frames\tnull\tnull\tnull\n212\tSport-100 Helmet,...\tHelmets\tnull\tnull\tnull\n215\tSport-100 Helmet,...\tHelmets\t215\tSport-100 Helmet,...\tHelmets\nnull\tnull\tnull\t224\tAWC Logo Cap\tCaps\nnull\tnull\tnull\t222\tSport-100 Helmet,...\tHelmets"},{"type":"HTML","data":"<hr/>Spark Application Id: application_1621523488736_0007<br/>Spark WebUI: <a href=\"http://hn1-hdibpc.azhjkvldhjduvd2qp4tphmpqfg.bx.internal.cloudapp.net:8088/proxy/application_1621523488736_0007/\">http://hn1-hdibpc.azhjkvldhjduvd2qp4tphmpqfg.bx.internal.cloudapp.net:8088/proxy/application_1621523488736_0007/</a>"}]}},{"text":"%md ### UNION / UNION DISTINCT/ UNION ALL\n\nUNION and UNION ALL return the rows that are found in either relation. UNION (alternatively, UNION DISTINCT) takes only distinct rows while UNION ALL does not remove duplicates from the result rows.","user":"anonymous","dateUpdated":"2021-05-20T16:23:50+0000","config":{"colWidth":12,"fontSize":9,"enabled":true,"results":{},"editorSetting":{"language":"markdown","editOnDblClick":true,"completionKey":"TAB","completionSupport":false},"editorMode":"ace/mode/markdown","editorHide":true,"tableHide":false},"settings":{"params":{},"forms":{}},"apps":[],"jobName":"paragraph_1621527799759_-2001225262","id":"20210520-162319_1159339059","dateCreated":"2021-05-20T16:23:19+0000","status":"FINISHED","progressUpdateIntervalMs":500,"focus":true,"$$hashKey":"object:23020","dateFinished":"2021-05-20T16:23:50+0000","dateStarted":"2021-05-20T16:23:50+0000","results":{"code":"SUCCESS","msg":[{"type":"HTML","data":"<h3>UNION / UNION DISTINCT/ UNION ALL</h3>\n<p>UNION and UNION ALL return the rows that are found in either relation. UNION (alternatively, UNION DISTINCT) takes only distinct rows while UNION ALL does not remove duplicates from the result rows.</p>\n"}]}},{"text":"%sql\n\n-- ProductKey 210 and 215 are in both tables\n-- but they will only be returned once, i.e. duplicates are removed.\n-- Results are not sorted.\nSELECT * FROM productlist1\nUNION \nSELECT * FROM productlist2\n","user":"anonymous","dateUpdated":"2021-05-20T16:24:37+0000","config":{"colWidth":12,"fontSize":9,"enabled":true,"results":{"0":{"graph":{"mode":"table","height":300,"optionOpen":false,"setting":{"table":{"tableGridState":{},"tableColumnTypeState":{"names":{"ProductKey":"string","Product":"string","Subcategory":"string"},"updated":false},"tableOptionSpecHash":"[{\"name\":\"useFilter\",\"valueType\":\"boolean\",\"defaultValue\":false,\"widget\":\"checkbox\",\"description\":\"Enable filter for columns\"},{\"name\":\"showPagination\",\"valueType\":\"boolean\",\"defaultValue\":false,\"widget\":\"checkbox\",\"description\":\"Enable pagination for better navigation\"},{\"name\":\"showAggregationFooter\",\"valueType\":\"boolean\",\"defaultValue\":false,\"widget\":\"checkbox\",\"description\":\"Enable a footer for displaying aggregated values\"}]","tableOptionValue":{"useFilter":false,"showPagination":false,"showAggregationFooter":false},"updated":false,"initialized":false}},"commonSetting":{}}}},"editorSetting":{"language":"sql","editOnDblClick":false,"completionKey":"TAB","completionSupport":true},"editorMode":"ace/mode/sql","title":true},"settings":{"params":{},"forms":{}},"apps":[],"jobName":"paragraph_1621527830866_2068652929","id":"20210520-162350_2130289572","dateCreated":"2021-05-20T16:23:50+0000","status":"FINISHED","progressUpdateIntervalMs":500,"focus":true,"$$hashKey":"object:23896","dateFinished":"2021-05-20T16:24:36+0000","dateStarted":"2021-05-20T16:24:33+0000","title":"UNION","results":{"code":"SUCCESS","msg":[{"type":"TABLE","data":"ProductKey\tProduct\tSubcategory\n210\tHL Road Frame - B...\tRoad Frames\n222\tSport-100 Helmet,...\tHelmets\n212\tSport-100 Helmet,...\tHelmets\n224\tAWC Logo Cap\tCaps\n215\tSport-100 Helmet,...\tHelmets\n211\tHL Road Frame - R...\tRoad Frames"},{"type":"HTML","data":"<hr/>Spark Application Id: application_1621523488736_0007<br/>Spark WebUI: <a href=\"http://hn1-hdibpc.azhjkvldhjduvd2qp4tphmpqfg.bx.internal.cloudapp.net:8088/proxy/application_1621523488736_0007/\">http://hn1-hdibpc.azhjkvldhjduvd2qp4tphmpqfg.bx.internal.cloudapp.net:8088/proxy/application_1621523488736_0007/</a>"}]}},{"text":"%sql\n\n-- ProductKey 210 and 215 are in both tables\n-- but they will only be returned once, i.e. duplicates are removed.\nSELECT * FROM productlist1\nUNION DISTINCT\nSELECT * FROM productlist2","user":"anonymous","dateUpdated":"2021-05-20T16:25:28+0000","config":{"colWidth":12,"fontSize":9,"enabled":true,"results":{"0":{"graph":{"mode":"table","height":300,"optionOpen":false,"setting":{"table":{"tableGridState":{},"tableColumnTypeState":{"names":{"ProductKey":"string","Product":"string","Subcategory":"string"},"updated":false},"tableOptionSpecHash":"[{\"name\":\"useFilter\",\"valueType\":\"boolean\",\"defaultValue\":false,\"widget\":\"checkbox\",\"description\":\"Enable filter for columns\"},{\"name\":\"showPagination\",\"valueType\":\"boolean\",\"defaultValue\":false,\"widget\":\"checkbox\",\"description\":\"Enable pagination for better navigation\"},{\"name\":\"showAggregationFooter\",\"valueType\":\"boolean\",\"defaultValue\":false,\"widget\":\"checkbox\",\"description\":\"Enable a footer for displaying aggregated values\"}]","tableOptionValue":{"useFilter":false,"showPagination":false,"showAggregationFooter":false},"updated":false,"initialized":false}},"commonSetting":{}}}},"editorSetting":{"language":"sql","editOnDblClick":false,"completionKey":"TAB","completionSupport":true},"editorMode":"ace/mode/sql","title":true},"settings":{"params":{},"forms":{}},"apps":[],"jobName":"paragraph_1621527866781_119690644","id":"20210520-162426_216558887","dateCreated":"2021-05-20T16:24:26+0000","status":"FINISHED","progressUpdateIntervalMs":500,"focus":true,"$$hashKey":"object:24007","dateFinished":"2021-05-20T16:25:27+0000","dateStarted":"2021-05-20T16:25:25+0000","title":"UNION DISTINCT","results":{"code":"SUCCESS","msg":[{"type":"TABLE","data":"ProductKey\tProduct\tSubcategory\n210\tHL Road Frame - B...\tRoad Frames\n222\tSport-100 Helmet,...\tHelmets\n212\tSport-100 Helmet,...\tHelmets\n224\tAWC Logo Cap\tCaps\n215\tSport-100 Helmet,...\tHelmets\n211\tHL Road Frame - R...\tRoad Frames"},{"type":"HTML","data":"<hr/>Spark Application Id: application_1621523488736_0007<br/>Spark WebUI: <a href=\"http://hn1-hdibpc.azhjkvldhjduvd2qp4tphmpqfg.bx.internal.cloudapp.net:8088/proxy/application_1621523488736_0007/\">http://hn1-hdibpc.azhjkvldhjduvd2qp4tphmpqfg.bx.internal.cloudapp.net:8088/proxy/application_1621523488736_0007/</a>"}]}},{"text":"%sql\n\n-- ProductKey 210 and 215 are in both tables\n-- but they will only be returned once, i.e. duplicates are NOT removed.\n-- Results are NOT sorted.  We added a sort so we can see the duplicates.\nSELECT * FROM productlist1\nUNION ALL\nSELECT * FROM productlist2\nORDER BY ProductKey","user":"anonymous","dateUpdated":"2021-05-20T16:26:04+0000","config":{"colWidth":12,"fontSize":9,"enabled":true,"results":{"0":{"graph":{"mode":"table","height":300,"optionOpen":false,"setting":{"table":{"tableGridState":{},"tableColumnTypeState":{"names":{"ProductKey":"string","Product":"string","Subcategory":"string"},"updated":false},"tableOptionSpecHash":"[{\"name\":\"useFilter\",\"valueType\":\"boolean\",\"defaultValue\":false,\"widget\":\"checkbox\",\"description\":\"Enable filter for columns\"},{\"name\":\"showPagination\",\"valueType\":\"boolean\",\"defaultValue\":false,\"widget\":\"checkbox\",\"description\":\"Enable pagination for better navigation\"},{\"name\":\"showAggregationFooter\",\"valueType\":\"boolean\",\"defaultValue\":false,\"widget\":\"checkbox\",\"description\":\"Enable a footer for displaying aggregated values\"}]","tableOptionValue":{"useFilter":false,"showPagination":false,"showAggregationFooter":false},"updated":false,"initialized":false}},"commonSetting":{}}}},"editorSetting":{"language":"sql","editOnDblClick":false,"completionKey":"TAB","completionSupport":true},"editorMode":"ace/mode/sql","title":true},"settings":{"params":{},"forms":{}},"apps":[],"jobName":"paragraph_1621527919163_1955694055","id":"20210520-162519_783482051","dateCreated":"2021-05-20T16:25:19+0000","status":"FINISHED","progressUpdateIntervalMs":500,"focus":true,"$$hashKey":"object:24682","dateFinished":"2021-05-20T16:26:04+0000","dateStarted":"2021-05-20T16:26:02+0000","title":"UNION ALL","results":{"code":"SUCCESS","msg":[{"type":"TABLE","data":"ProductKey\tProduct\tSubcategory\n210\tHL Road Frame - B...\tRoad Frames\n210\tHL Road Frame - B...\tRoad Frames\n211\tHL Road Frame - R...\tRoad Frames\n212\tSport-100 Helmet,...\tHelmets\n215\tSport-100 Helmet,...\tHelmets\n215\tSport-100 Helmet,...\tHelmets\n222\tSport-100 Helmet,...\tHelmets\n224\tAWC Logo Cap\tCaps"},{"type":"HTML","data":"<hr/>Spark Application Id: application_1621523488736_0007<br/>Spark WebUI: <a href=\"http://hn1-hdibpc.azhjkvldhjduvd2qp4tphmpqfg.bx.internal.cloudapp.net:8088/proxy/application_1621523488736_0007/\">http://hn1-hdibpc.azhjkvldhjduvd2qp4tphmpqfg.bx.internal.cloudapp.net:8088/proxy/application_1621523488736_0007/</a>"}]}},{"text":"%md ### INTERSECT / INTERSECT DISTICT / INTERSECT ALL\n\nINTERSECT and INTERSECT ALL return the rows from the first query that are also found in the second. INTERSECT (alternatively, INTERSECT DISTINCT) takes only distinct rows while INTERSECT ALL does not remove duplicates from the result rows.","user":"anonymous","dateUpdated":"2021-05-20T16:26:31+0000","config":{"colWidth":12,"fontSize":9,"enabled":true,"results":{},"editorSetting":{"language":"markdown","editOnDblClick":true,"completionKey":"TAB","completionSupport":false},"editorMode":"ace/mode/markdown","editorHide":true,"tableHide":false},"settings":{"params":{},"forms":{}},"apps":[],"jobName":"paragraph_1621527962022_-1668236668","id":"20210520-162602_1748628922","dateCreated":"2021-05-20T16:26:02+0000","status":"FINISHED","progressUpdateIntervalMs":500,"focus":true,"$$hashKey":"object:25348","dateFinished":"2021-05-20T16:26:31+0000","dateStarted":"2021-05-20T16:26:31+0000","results":{"code":"SUCCESS","msg":[{"type":"HTML","data":"<h3>INTERSECT / INTERSECT DISTICT / INTERSECT ALL</h3>\n<p>INTERSECT and INTERSECT ALL return the rows from the first query that are also found in the second. INTERSECT (alternatively, INTERSECT DISTINCT) takes only distinct rows while INTERSECT ALL does not remove duplicates from the result rows.</p>\n"}]}},{"text":"%sql\n\nSELECT * \nFROM            productlist1 p1\nFULL OUTER JOIN productlist2 p2\non (p1.ProductKey = p2.ProductKey)\nORDER BY ifnull(p1.ProductKey,9999) ","user":"anonymous","dateUpdated":"2021-05-20T16:28:09+0000","config":{"colWidth":12,"fontSize":9,"enabled":true,"results":{"0":{"graph":{"mode":"table","height":300,"optionOpen":false,"setting":{"table":{"tableGridState":{},"tableColumnTypeState":{"names":{"ProductKey":"string","Product":"string","Subcategory":"string"},"updated":false},"tableOptionSpecHash":"[{\"name\":\"useFilter\",\"valueType\":\"boolean\",\"defaultValue\":false,\"widget\":\"checkbox\",\"description\":\"Enable filter for columns\"},{\"name\":\"showPagination\",\"valueType\":\"boolean\",\"defaultValue\":false,\"widget\":\"checkbox\",\"description\":\"Enable pagination for better navigation\"},{\"name\":\"showAggregationFooter\",\"valueType\":\"boolean\",\"defaultValue\":false,\"widget\":\"checkbox\",\"description\":\"Enable a footer for displaying aggregated values\"}]","tableOptionValue":{"useFilter":false,"showPagination":false,"showAggregationFooter":false},"updated":false,"initialized":false}},"commonSetting":{}}}},"editorSetting":{"language":"sql","editOnDblClick":false,"completionKey":"TAB","completionSupport":true},"editorMode":"ace/mode/sql","title":true},"settings":{"params":{},"forms":{}},"apps":[],"jobName":"paragraph_1621527991686_954056744","id":"20210520-162631_493454633","dateCreated":"2021-05-20T16:26:31+0000","status":"FINISHED","progressUpdateIntervalMs":500,"focus":true,"$$hashKey":"object:26023","dateFinished":"2021-05-20T16:26:53+0000","dateStarted":"2021-05-20T16:26:50+0000","title":"See all rows in both tables first","results":{"code":"SUCCESS","msg":[{"type":"TABLE","data":"ProductKey\tProduct\tSubcategory\tProductKey\tProduct\tSubcategory\n210\tHL Road Frame - B...\tRoad Frames\t210\tHL Road Frame - B...\tRoad Frames\n211\tHL Road Frame - R...\tRoad Frames\tnull\tnull\tnull\n212\tSport-100 Helmet,...\tHelmets\tnull\tnull\tnull\n215\tSport-100 Helmet,...\tHelmets\t215\tSport-100 Helmet,...\tHelmets\nnull\tnull\tnull\t224\tAWC Logo Cap\tCaps\nnull\tnull\tnull\t222\tSport-100 Helmet,...\tHelmets"},{"type":"HTML","data":"<hr/>Spark Application Id: application_1621523488736_0007<br/>Spark WebUI: <a href=\"http://hn1-hdibpc.azhjkvldhjduvd2qp4tphmpqfg.bx.internal.cloudapp.net:8088/proxy/application_1621523488736_0007/\">http://hn1-hdibpc.azhjkvldhjduvd2qp4tphmpqfg.bx.internal.cloudapp.net:8088/proxy/application_1621523488736_0007/</a>"}]}},{"text":"%sql\n\n-- ProductKey 210 and 215 are in both tables\n-- Only the duplicates, i.e. rows in the first query found in the second are returned.\nSELECT * FROM productlist1\nINTERSECT\nSELECT * FROM productlist2\n","user":"anonymous","dateUpdated":"2021-05-20T16:28:42+0000","config":{"colWidth":12,"fontSize":9,"enabled":true,"results":{"0":{"graph":{"mode":"table","height":300,"optionOpen":false,"setting":{"table":{"tableGridState":{},"tableColumnTypeState":{"names":{"ProductKey":"string","Product":"string","Subcategory":"string"},"updated":false},"tableOptionSpecHash":"[{\"name\":\"useFilter\",\"valueType\":\"boolean\",\"defaultValue\":false,\"widget\":\"checkbox\",\"description\":\"Enable filter for columns\"},{\"name\":\"showPagination\",\"valueType\":\"boolean\",\"defaultValue\":false,\"widget\":\"checkbox\",\"description\":\"Enable pagination for better navigation\"},{\"name\":\"showAggregationFooter\",\"valueType\":\"boolean\",\"defaultValue\":false,\"widget\":\"checkbox\",\"description\":\"Enable a footer for displaying aggregated values\"}]","tableOptionValue":{"useFilter":false,"showPagination":false,"showAggregationFooter":false},"updated":false,"initialized":false}},"commonSetting":{}}}},"editorSetting":{"language":"sql","editOnDblClick":false,"completionKey":"TAB","completionSupport":true},"editorMode":"ace/mode/sql","title":true},"settings":{"params":{},"forms":{}},"apps":[],"jobName":"paragraph_1621528010308_-65863040","id":"20210520-162650_1257436311","dateCreated":"2021-05-20T16:26:50+0000","status":"FINISHED","progressUpdateIntervalMs":500,"focus":true,"$$hashKey":"object:26115","dateFinished":"2021-05-20T16:28:41+0000","dateStarted":"2021-05-20T16:28:39+0000","title":"INTERSECT","results":{"code":"SUCCESS","msg":[{"type":"TABLE","data":"ProductKey\tProduct\tSubcategory\n210\tHL Road Frame - B...\tRoad Frames\n215\tSport-100 Helmet,...\tHelmets"},{"type":"HTML","data":"<hr/>Spark Application Id: application_1621523488736_0007<br/>Spark WebUI: <a href=\"http://hn1-hdibpc.azhjkvldhjduvd2qp4tphmpqfg.bx.internal.cloudapp.net:8088/proxy/application_1621523488736_0007/\">http://hn1-hdibpc.azhjkvldhjduvd2qp4tphmpqfg.bx.internal.cloudapp.net:8088/proxy/application_1621523488736_0007/</a>"}]}},{"text":"%sql\n\n-- ProductKey 210 and 215 are in both tables\n-- Only the duplicates, i.e. rows in both tables will be returned.\nSELECT * FROM productlist1\nINTERSECT DISTINCT\nSELECT * FROM productlist2","user":"anonymous","dateUpdated":"2021-05-20T16:29:24+0000","config":{"colWidth":12,"fontSize":9,"enabled":true,"results":{"0":{"graph":{"mode":"table","height":164,"optionOpen":false,"setting":{"table":{"tableGridState":{},"tableColumnTypeState":{"names":{"ProductKey":"string","Product":"string","Subcategory":"string"},"updated":false},"tableOptionSpecHash":"[{\"name\":\"useFilter\",\"valueType\":\"boolean\",\"defaultValue\":false,\"widget\":\"checkbox\",\"description\":\"Enable filter for columns\"},{\"name\":\"showPagination\",\"valueType\":\"boolean\",\"defaultValue\":false,\"widget\":\"checkbox\",\"description\":\"Enable pagination for better navigation\"},{\"name\":\"showAggregationFooter\",\"valueType\":\"boolean\",\"defaultValue\":false,\"widget\":\"checkbox\",\"description\":\"Enable a footer for displaying aggregated values\"}]","tableOptionValue":{"useFilter":false,"showPagination":false,"showAggregationFooter":false},"updated":false,"initialized":false}},"commonSetting":{}}}},"editorSetting":{"language":"sql","editOnDblClick":false,"completionKey":"TAB","completionSupport":true},"editorMode":"ace/mode/sql","title":true},"settings":{"params":{},"forms":{}},"apps":[],"jobName":"paragraph_1621528119186_910935726","id":"20210520-162839_1809980174","dateCreated":"2021-05-20T16:28:39+0000","status":"FINISHED","progressUpdateIntervalMs":500,"focus":true,"$$hashKey":"object:27010","dateFinished":"2021-05-20T16:29:13+0000","dateStarted":"2021-05-20T16:29:11+0000","title":"INTERSECT DISTINCT","results":{"code":"SUCCESS","msg":[{"type":"TABLE","data":"ProductKey\tProduct\tSubcategory\n210\tHL Road Frame - B...\tRoad Frames\n215\tSport-100 Helmet,...\tHelmets"},{"type":"HTML","data":"<hr/>Spark Application Id: application_1621523488736_0007<br/>Spark WebUI: <a href=\"http://hn1-hdibpc.azhjkvldhjduvd2qp4tphmpqfg.bx.internal.cloudapp.net:8088/proxy/application_1621523488736_0007/\">http://hn1-hdibpc.azhjkvldhjduvd2qp4tphmpqfg.bx.internal.cloudapp.net:8088/proxy/application_1621523488736_0007/</a>"}]}},{"text":"%sql\n\n-- ProductKey 210 and 215 are in both tables\n-- Only the duplicates, i.e. rows in both tables will be returned.\nSELECT * FROM productlist1\nINTERSECT ALL\nSELECT * FROM productlist2","user":"anonymous","dateUpdated":"2021-05-20T16:30:18+0000","config":{"colWidth":12,"fontSize":9,"enabled":true,"results":{"0":{"graph":{"mode":"table","height":114,"optionOpen":false,"setting":{"table":{"tableGridState":{},"tableColumnTypeState":{"names":{"ProductKey":"string","Product":"string","Subcategory":"string"},"updated":false},"tableOptionSpecHash":"[{\"name\":\"useFilter\",\"valueType\":\"boolean\",\"defaultValue\":false,\"widget\":\"checkbox\",\"description\":\"Enable filter for columns\"},{\"name\":\"showPagination\",\"valueType\":\"boolean\",\"defaultValue\":false,\"widget\":\"checkbox\",\"description\":\"Enable pagination for better navigation\"},{\"name\":\"showAggregationFooter\",\"valueType\":\"boolean\",\"defaultValue\":false,\"widget\":\"checkbox\",\"description\":\"Enable a footer for displaying aggregated values\"}]","tableOptionValue":{"useFilter":false,"showPagination":false,"showAggregationFooter":false},"updated":false,"initialized":false}},"commonSetting":{}}}},"editorSetting":{"language":"sql","editOnDblClick":false,"completionKey":"TAB","completionSupport":true},"editorMode":"ace/mode/sql","title":true},"settings":{"params":{},"forms":{}},"apps":[],"jobName":"paragraph_1621528151553_-1929831182","id":"20210520-162911_959789231","dateCreated":"2021-05-20T16:29:11+0000","status":"FINISHED","progressUpdateIntervalMs":500,"focus":true,"$$hashKey":"object:27334","dateFinished":"2021-05-20T16:29:53+0000","dateStarted":"2021-05-20T16:29:50+0000","title":"INTERSECT ALL","results":{"code":"SUCCESS","msg":[{"type":"TABLE","data":"ProductKey\tProduct\tSubcategory\n210\tHL Road Frame - B...\tRoad Frames\n215\tSport-100 Helmet,...\tHelmets"},{"type":"HTML","data":"<hr/>Spark Application Id: application_1621523488736_0007<br/>Spark WebUI: <a href=\"http://hn1-hdibpc.azhjkvldhjduvd2qp4tphmpqfg.bx.internal.cloudapp.net:8088/proxy/application_1621523488736_0007/\">http://hn1-hdibpc.azhjkvldhjduvd2qp4tphmpqfg.bx.internal.cloudapp.net:8088/proxy/application_1621523488736_0007/</a>"}]}},{"text":"%sql\n\nSELECT * FROM VALUES (1), (2), (3), (3), (4), (4)\nINTERSECT ALL \nSELECT * FROM VALUES (2), (3), (5), (6)","user":"anonymous","dateUpdated":"2021-05-20T16:30:45+0000","config":{"colWidth":12,"fontSize":9,"enabled":true,"results":{"0":{"graph":{"mode":"table","height":144,"optionOpen":false,"setting":{"table":{"tableGridState":{},"tableColumnTypeState":{"names":{"col1":"string"},"updated":false},"tableOptionSpecHash":"[{\"name\":\"useFilter\",\"valueType\":\"boolean\",\"defaultValue\":false,\"widget\":\"checkbox\",\"description\":\"Enable filter for columns\"},{\"name\":\"showPagination\",\"valueType\":\"boolean\",\"defaultValue\":false,\"widget\":\"checkbox\",\"description\":\"Enable pagination for better navigation\"},{\"name\":\"showAggregationFooter\",\"valueType\":\"boolean\",\"defaultValue\":false,\"widget\":\"checkbox\",\"description\":\"Enable a footer for displaying aggregated values\"}]","tableOptionValue":{"useFilter":false,"showPagination":false,"showAggregationFooter":false},"updated":false,"initialized":false}},"commonSetting":{}}},"1":{"graph":{"mode":"table","height":70,"optionOpen":false}}},"editorSetting":{"language":"sql","editOnDblClick":false,"completionKey":"TAB","completionSupport":true},"editorMode":"ace/mode/sql"},"settings":{"params":{},"forms":{}},"apps":[],"jobName":"paragraph_1621528190550_-117257468","id":"20210520-162950_1932436302","dateCreated":"2021-05-20T16:29:50+0000","status":"FINISHED","progressUpdateIntervalMs":500,"focus":true,"$$hashKey":"object:27725","dateFinished":"2021-05-20T16:30:25+0000","dateStarted":"2021-05-20T16:30:23+0000","results":{"code":"SUCCESS","msg":[{"type":"TABLE","data":"col1\n3\n2"},{"type":"HTML","data":"<hr/>Spark Application Id: application_1621523488736_0007<br/>Spark WebUI: <a href=\"http://hn1-hdibpc.azhjkvldhjduvd2qp4tphmpqfg.bx.internal.cloudapp.net:8088/proxy/application_1621523488736_0007/\">http://hn1-hdibpc.azhjkvldhjduvd2qp4tphmpqfg.bx.internal.cloudapp.net:8088/proxy/application_1621523488736_0007/</a>"}]}},{"text":"%md ### EXCEPT / EXCEPT DISTINCT / EXCEPT ALL  (Minus is an alias for EXCEPT)\n\nEXCEPT and EXCEPT ALL return the rows that are found in the first query but not the second. EXCEPT (alternatively, EXCEPT DISTINCT) takes only distinct rows while EXCEPT ALL does not remove duplicates from the result rows. Note that MINUS is an alias for EXCEPT.\n","user":"anonymous","dateUpdated":"2021-05-20T16:30:52+0000","config":{"colWidth":12,"fontSize":9,"enabled":true,"results":{},"editorSetting":{"language":"markdown","editOnDblClick":true,"completionKey":"TAB","completionSupport":false},"editorMode":"ace/mode/markdown","editorHide":true,"tableHide":false},"settings":{"params":{},"forms":{}},"apps":[],"jobName":"paragraph_1621528223819_-355486953","id":"20210520-163023_1335709582","dateCreated":"2021-05-20T16:30:23+0000","status":"FINISHED","progressUpdateIntervalMs":500,"focus":true,"$$hashKey":"object:28095","dateFinished":"2021-05-20T16:30:52+0000","dateStarted":"2021-05-20T16:30:52+0000","results":{"code":"SUCCESS","msg":[{"type":"HTML","data":"<h3>EXCEPT / EXCEPT DISTINCT / EXCEPT ALL  (Minus is an alias for EXCEPT)</h3>\n<p>EXCEPT and EXCEPT ALL return the rows that are found in the first query but not the second. EXCEPT (alternatively, EXCEPT DISTINCT) takes only distinct rows while EXCEPT ALL does not remove duplicates from the result rows. Note that MINUS is an alias for EXCEPT.</p>\n"}]}},{"text":"%sql\n\nSELECT * \nFROM            productlist1 p1\nFULL OUTER JOIN productlist2 p2\non (p1.ProductKey = p2.ProductKey)\nORDER BY ifnull(p1.ProductKey,9999) ","user":"anonymous","dateUpdated":"2021-05-20T16:31:33+0000","config":{"colWidth":12,"fontSize":9,"enabled":true,"results":{},"editorSetting":{"language":"sql","editOnDblClick":false,"completionKey":"TAB","completionSupport":true},"editorMode":"ace/mode/sql","title":true},"settings":{"params":{},"forms":{}},"apps":[],"jobName":"paragraph_1621528252030_361294160","id":"20210520-163052_632994947","dateCreated":"2021-05-20T16:30:52+0000","status":"READY","progressUpdateIntervalMs":500,"focus":true,"$$hashKey":"object:28517","title":"See all values first"},{"text":"%sql\n\n-- ProductKey 210 and 215 are in both tables\n-- Only retruns the rows found in first query but not second.\nSELECT * FROM productlist1\nEXCEPT \nSELECT * FROM productlist2","user":"anonymous","dateUpdated":"2021-05-20T16:33:20+0000","config":{"colWidth":12,"fontSize":9,"enabled":true,"results":{"0":{"graph":{"mode":"table","height":124,"optionOpen":false,"setting":{"table":{"tableGridState":{},"tableColumnTypeState":{"names":{"ProductKey":"string","Product":"string","Subcategory":"string"},"updated":false},"tableOptionSpecHash":"[{\"name\":\"useFilter\",\"valueType\":\"boolean\",\"defaultValue\":false,\"widget\":\"checkbox\",\"description\":\"Enable filter for columns\"},{\"name\":\"showPagination\",\"valueType\":\"boolean\",\"defaultValue\":false,\"widget\":\"checkbox\",\"description\":\"Enable pagination for better navigation\"},{\"name\":\"showAggregationFooter\",\"valueType\":\"boolean\",\"defaultValue\":false,\"widget\":\"checkbox\",\"description\":\"Enable a footer for displaying aggregated values\"}]","tableOptionValue":{"useFilter":false,"showPagination":false,"showAggregationFooter":false},"updated":false,"initialized":false}},"commonSetting":{}}}},"editorSetting":{"language":"sql","editOnDblClick":false,"completionKey":"TAB","completionSupport":true},"editorMode":"ace/mode/sql","title":true},"settings":{"params":{},"forms":{}},"apps":[],"jobName":"paragraph_1621528305240_-29995418","id":"20210520-163145_425746536","dateCreated":"2021-05-20T16:31:45+0000","status":"FINISHED","progressUpdateIntervalMs":500,"focus":true,"$$hashKey":"object:28616","dateFinished":"2021-05-20T16:32:09+0000","dateStarted":"2021-05-20T16:32:07+0000","title":"EXCEPT (alias MINUS)","results":{"code":"SUCCESS","msg":[{"type":"TABLE","data":"ProductKey\tProduct\tSubcategory\n212\tSport-100 Helmet,...\tHelmets\n211\tHL Road Frame - R...\tRoad Frames"},{"type":"HTML","data":"<hr/>Spark Application Id: application_1621523488736_0007<br/>Spark WebUI: <a href=\"http://hn1-hdibpc.azhjkvldhjduvd2qp4tphmpqfg.bx.internal.cloudapp.net:8088/proxy/application_1621523488736_0007/\">http://hn1-hdibpc.azhjkvldhjduvd2qp4tphmpqfg.bx.internal.cloudapp.net:8088/proxy/application_1621523488736_0007/</a>"}]}},{"text":"%sql\n\n-- ProductKey 210 and 215 are in both tables\n-- Only retruns the rows found in first query but not second.\nSELECT * FROM productlist1\nEXCEPT DISTINCT\nSELECT * FROM productlist2","user":"anonymous","dateUpdated":"2021-05-20T16:33:23+0000","config":{"colWidth":12,"fontSize":9,"enabled":true,"results":{"0":{"graph":{"mode":"table","height":114,"optionOpen":false,"setting":{"table":{"tableGridState":{},"tableColumnTypeState":{"names":{"ProductKey":"string","Product":"string","Subcategory":"string"},"updated":false},"tableOptionSpecHash":"[{\"name\":\"useFilter\",\"valueType\":\"boolean\",\"defaultValue\":false,\"widget\":\"checkbox\",\"description\":\"Enable filter for columns\"},{\"name\":\"showPagination\",\"valueType\":\"boolean\",\"defaultValue\":false,\"widget\":\"checkbox\",\"description\":\"Enable pagination for better navigation\"},{\"name\":\"showAggregationFooter\",\"valueType\":\"boolean\",\"defaultValue\":false,\"widget\":\"checkbox\",\"description\":\"Enable a footer for displaying aggregated values\"}]","tableOptionValue":{"useFilter":false,"showPagination":false,"showAggregationFooter":false},"updated":false,"initialized":false}},"commonSetting":{}}}},"editorSetting":{"language":"sql","editOnDblClick":false,"completionKey":"TAB","completionSupport":true},"editorMode":"ace/mode/sql","title":true},"settings":{"params":{},"forms":{}},"apps":[],"jobName":"paragraph_1621528327144_-1510846861","id":"20210520-163207_886254574","dateCreated":"2021-05-20T16:32:07+0000","status":"FINISHED","progressUpdateIntervalMs":500,"focus":true,"$$hashKey":"object:28701","dateFinished":"2021-05-20T16:33:08+0000","dateStarted":"2021-05-20T16:33:06+0000","title":"EXCEPT DISTINCR","results":{"code":"SUCCESS","msg":[{"type":"TABLE","data":"ProductKey\tProduct\tSubcategory\n212\tSport-100 Helmet,...\tHelmets\n211\tHL Road Frame - R...\tRoad Frames"},{"type":"HTML","data":"<hr/>Spark Application Id: application_1621523488736_0007<br/>Spark WebUI: <a href=\"http://hn1-hdibpc.azhjkvldhjduvd2qp4tphmpqfg.bx.internal.cloudapp.net:8088/proxy/application_1621523488736_0007/\">http://hn1-hdibpc.azhjkvldhjduvd2qp4tphmpqfg.bx.internal.cloudapp.net:8088/proxy/application_1621523488736_0007/</a>"}]}},{"text":"%sql\n\n-- ProductKey 210 and 215 are in both tables\n-- Only retruns the rows found in first query but not second.\nSELECT * FROM productlist1\nEXCEPT ALL \nSELECT * FROM productlist2","user":"anonymous","dateUpdated":"2021-05-20T16:33:58+0000","config":{"colWidth":12,"fontSize":9,"enabled":true,"results":{"0":{"graph":{"mode":"table","height":144,"optionOpen":false,"setting":{"table":{"tableGridState":{},"tableColumnTypeState":{"names":{"ProductKey":"string","Product":"string","Subcategory":"string"},"updated":false},"tableOptionSpecHash":"[{\"name\":\"useFilter\",\"valueType\":\"boolean\",\"defaultValue\":false,\"widget\":\"checkbox\",\"description\":\"Enable filter for columns\"},{\"name\":\"showPagination\",\"valueType\":\"boolean\",\"defaultValue\":false,\"widget\":\"checkbox\",\"description\":\"Enable pagination for better navigation\"},{\"name\":\"showAggregationFooter\",\"valueType\":\"boolean\",\"defaultValue\":false,\"widget\":\"checkbox\",\"description\":\"Enable a footer for displaying aggregated values\"}]","tableOptionValue":{"useFilter":false,"showPagination":false,"showAggregationFooter":false},"updated":false,"initialized":false}},"commonSetting":{}}}},"editorSetting":{"language":"sql","editOnDblClick":false,"completionKey":"TAB","completionSupport":true},"editorMode":"ace/mode/sql","title":true},"settings":{"params":{},"forms":{}},"apps":[],"jobName":"paragraph_1621528386732_1921939988","id":"20210520-163306_1964265198","dateCreated":"2021-05-20T16:33:06+0000","status":"FINISHED","progressUpdateIntervalMs":500,"focus":true,"$$hashKey":"object:29015","dateFinished":"2021-05-20T16:33:47+0000","dateStarted":"2021-05-20T16:33:44+0000","title":"EXCEPT ALL","results":{"code":"SUCCESS","msg":[{"type":"TABLE","data":"ProductKey\tProduct\tSubcategory\n212\tSport-100 Helmet,...\tHelmets\n211\tHL Road Frame - R...\tRoad Frames"},{"type":"HTML","data":"<hr/>Spark Application Id: application_1621523488736_0007<br/>Spark WebUI: <a href=\"http://hn1-hdibpc.azhjkvldhjduvd2qp4tphmpqfg.bx.internal.cloudapp.net:8088/proxy/application_1621523488736_0007/\">http://hn1-hdibpc.azhjkvldhjduvd2qp4tphmpqfg.bx.internal.cloudapp.net:8088/proxy/application_1621523488736_0007/</a>"}]}},{"text":"%sql\n\nSELECT * FROM VALUES (1), (2), (3), (4), (4), (9), (9)\nEXCEPT ALL \nSELECT * FROM VALUES (2), (3), (5), (6)","user":"anonymous","dateUpdated":"2021-05-20T16:34:12+0000","config":{"colWidth":12,"fontSize":9,"enabled":true,"results":{"0":{"graph":{"mode":"table","height":300,"optionOpen":false,"setting":{"table":{"tableGridState":{},"tableColumnTypeState":{"names":{"col1":"string"},"updated":false},"tableOptionSpecHash":"[{\"name\":\"useFilter\",\"valueType\":\"boolean\",\"defaultValue\":false,\"widget\":\"checkbox\",\"description\":\"Enable filter for columns\"},{\"name\":\"showPagination\",\"valueType\":\"boolean\",\"defaultValue\":false,\"widget\":\"checkbox\",\"description\":\"Enable pagination for better navigation\"},{\"name\":\"showAggregationFooter\",\"valueType\":\"boolean\",\"defaultValue\":false,\"widget\":\"checkbox\",\"description\":\"Enable a footer for displaying aggregated values\"}]","tableOptionValue":{"useFilter":false,"showPagination":false,"showAggregationFooter":false},"updated":false,"initialized":false}},"commonSetting":{}}}},"editorSetting":{"language":"sql","editOnDblClick":false,"completionKey":"TAB","completionSupport":true},"editorMode":"ace/mode/sql"},"settings":{"params":{},"forms":{}},"apps":[],"jobName":"paragraph_1621528424072_1267439126","id":"20210520-163344_1870773321","dateCreated":"2021-05-20T16:33:44+0000","status":"FINISHED","progressUpdateIntervalMs":500,"focus":true,"$$hashKey":"object:29464","dateFinished":"2021-05-20T16:34:11+0000","dateStarted":"2021-05-20T16:34:09+0000","results":{"code":"SUCCESS","msg":[{"type":"TABLE","data":"col1\n1\n9\n9\n4\n4"},{"type":"HTML","data":"<hr/>Spark Application Id: application_1621523488736_0007<br/>Spark WebUI: <a href=\"http://hn1-hdibpc.azhjkvldhjduvd2qp4tphmpqfg.bx.internal.cloudapp.net:8088/proxy/application_1621523488736_0007/\">http://hn1-hdibpc.azhjkvldhjduvd2qp4tphmpqfg.bx.internal.cloudapp.net:8088/proxy/application_1621523488736_0007/</a>"}]}},{"text":"%sql\n","user":"anonymous","dateUpdated":"2021-05-20T16:34:09+0000","config":{"colWidth":12,"fontSize":9,"enabled":true,"results":{},"editorSetting":{"language":"sql","editOnDblClick":false,"completionKey":"TAB","completionSupport":true},"editorMode":"ace/mode/sql"},"settings":{"params":{},"forms":{}},"apps":[],"jobName":"paragraph_1621528449271_-1576934051","id":"20210520-163409_197945001","dateCreated":"2021-05-20T16:34:09+0000","status":"READY","progressUpdateIntervalMs":500,"focus":true,"$$hashKey":"object:29833"}],"name":"AW_SQL_Set_Operators_Spark","id":"2G5PK5GN7","noteParams":{},"noteForms":{},"angularObjects":{"md:shared_process":[],"livy2:shared_process":[]},"config":{"isZeppelinNotebookCronEnable":false,"looknfeel":"default","personalizedMode":"false"},"info":{}}