﻿{"paragraphs":[{"text":"%md ## Author: Bryan Cafferky  \r\n\r\n### For demonstration purposes only.\r\n### Not intended for production use.","user":"anonymous","dateUpdated":"2021-05-20T16:45:09+0000","config":{"colWidth":12,"fontSize":9,"enabled":true,"results":{},"editorSetting":{"language":"markdown","editOnDblClick":true,"completionKey":"TAB","completionSupport":false},"editorMode":"ace/mode/markdown","editorHide":true,"tableHide":false},"settings":{"params":{},"forms":{}},"results":{"code":"SUCCESS","msg":[{"type":"HTML","data":"<h2>Author: Bryan Cafferky</h2>\n<h3>For demonstration purposes only.</h3>\n<h3>Not intended for production use.</h3>\n"}]},"apps":[],"jobName":"paragraph_1621528528227_-2094067062","id":"20210520-163528_626259519","dateCreated":"2021-05-20T16:35:28+0000","dateStarted":"2021-05-20T16:35:56+0000","dateFinished":"2021-05-20T16:35:56+0000","status":"FINISHED","progressUpdateIntervalMs":500,"focus":true,"$$hashKey":"object:42360"},{"text":"%md\n\n## Change the livy interpreter truncate text setting to FALSE.","user":"anonymous","dateUpdated":"2021-05-20T16:45:09+0000","config":{"colWidth":12,"fontSize":9,"enabled":true,"results":{},"editorSetting":{"language":"markdown","editOnDblClick":true,"completionKey":"TAB","completionSupport":false},"editorMode":"ace/mode/markdown","editorHide":true,"tableHide":false},"settings":{"params":{},"forms":{}},"results":{"code":"SUCCESS","msg":[{"type":"HTML","data":"<h2>Change the livy interpreter truncate text setting to FALSE.</h2>\n"}]},"apps":[],"jobName":"paragraph_1621529002655_-1937139665","id":"20210520-164322_175620305","dateCreated":"2021-05-20T16:43:22+0000","dateStarted":"2021-05-20T16:44:03+0000","dateFinished":"2021-05-20T16:44:03+0000","status":"FINISHED","progressUpdateIntervalMs":500,"$$hashKey":"object:42361"},{"text":"%md\n# Using Spark SQL functions...\n","user":"anonymous","dateUpdated":"2021-05-20T16:45:09+0000","config":{"colWidth":12,"fontSize":9,"enabled":true,"results":{},"editorSetting":{"language":"markdown","editOnDblClick":true,"completionKey":"TAB","completionSupport":false},"editorMode":"ace/mode/markdown","editorHide":true,"tableHide":false},"settings":{"params":{},"forms":{}},"results":{"code":"SUCCESS","msg":[{"type":"HTML","data":"<h1>Using Spark SQL functions&hellip;</h1>\n"}]},"apps":[],"jobName":"paragraph_1621528556474_1564126504","id":"20210520-163556_1920736887","dateCreated":"2021-05-20T16:35:56+0000","dateStarted":"2021-05-20T16:36:15+0000","dateFinished":"2021-05-20T16:36:15+0000","status":"FINISHED","progressUpdateIntervalMs":500,"$$hashKey":"object:42362"},{"text":"%md\r\n\r\n#### The awproject database was created in a prior video which will be in this video descriptionn.","user":"anonymous","dateUpdated":"2021-05-20T16:45:09+0000","config":{"colWidth":12,"fontSize":9,"enabled":true,"results":{},"editorSetting":{"language":"markdown","editOnDblClick":true,"completionKey":"TAB","completionSupport":false},"editorMode":"ace/mode/markdown","editorHide":true,"tableHide":false},"settings":{"params":{},"forms":{}},"results":{"code":"SUCCESS","msg":[{"type":"HTML","data":"<h4>The awproject database was created in a prior video which will be in this video descriptionn.</h4>\n"}]},"apps":[],"jobName":"paragraph_1621528575832_193736859","id":"20210520-163615_537857737","dateCreated":"2021-05-20T16:36:15+0000","dateStarted":"2021-05-20T16:36:37+0000","dateFinished":"2021-05-20T16:36:37+0000","status":"FINISHED","progressUpdateIntervalMs":500,"$$hashKey":"object:42363"},{"text":"%md\r\n# Apache Spark Functions documentation\r\n### https://spark.apache.org/docs/2.3.1/api/sql/index.html\r\n### https://spark.apache.org/docs/3.1.1/sql-ref-functions.html","user":"anonymous","dateUpdated":"2021-05-20T16:45:09+0000","config":{"colWidth":12,"fontSize":9,"enabled":true,"results":{},"editorSetting":{"language":"markdown","editOnDblClick":true,"completionKey":"TAB","completionSupport":false},"editorMode":"ace/mode/markdown","editorHide":true,"tableHide":false},"settings":{"params":{},"forms":{}},"results":{"code":"SUCCESS","msg":[{"type":"HTML","data":"<h1>Apache Spark Functions documentation</h1>\n<h3>https://spark.apache.org/docs/2.3.1/api/sql/index.html</h3>\n<h3>https://spark.apache.org/docs/3.1.1/sql-ref-functions.html</h3>\n"}]},"apps":[],"jobName":"paragraph_1621528597449_-2006199226","id":"20210520-163637_1587945987","dateCreated":"2021-05-20T16:36:37+0000","dateStarted":"2021-05-20T16:37:05+0000","dateFinished":"2021-05-20T16:37:05+0000","status":"FINISHED","progressUpdateIntervalMs":500,"$$hashKey":"object:42364"},{"title":"Change database context","text":"%sql\n\nUSE awproject","user":"anonymous","dateUpdated":"2021-05-20T16:45:09+0000","config":{"colWidth":12,"fontSize":9,"enabled":true,"results":{"0":{"graph":{"mode":"table","height":94,"optionOpen":false,"setting":{"table":{"tableGridState":{},"tableColumnTypeState":{"names":{}},"tableOptionSpecHash":"[{\"name\":\"useFilter\",\"valueType\":\"boolean\",\"defaultValue\":false,\"widget\":\"checkbox\",\"description\":\"Enable filter for columns\"},{\"name\":\"showPagination\",\"valueType\":\"boolean\",\"defaultValue\":false,\"widget\":\"checkbox\",\"description\":\"Enable pagination for better navigation\"},{\"name\":\"showAggregationFooter\",\"valueType\":\"boolean\",\"defaultValue\":false,\"widget\":\"checkbox\",\"description\":\"Enable a footer for displaying aggregated values\"}]","tableOptionValue":{"useFilter":false,"showPagination":false,"showAggregationFooter":false},"updated":false,"initialized":false}},"commonSetting":{}}}},"editorSetting":{"language":"sql","editOnDblClick":false,"completionKey":"TAB","completionSupport":true},"editorMode":"ace/mode/sql","title":true,"tableHide":false},"settings":{"params":{},"forms":{}},"results":{"code":"SUCCESS","msg":[{"type":"TABLE","data":""},{"type":"HTML","data":"<hr/>Spark Application Id: application_1621523488736_0008<br/>Spark WebUI: <a href=\"http://hn1-hdibpc.azhjkvldhjduvd2qp4tphmpqfg.bx.internal.cloudapp.net:8088/proxy/application_1621523488736_0008/\">http://hn1-hdibpc.azhjkvldhjduvd2qp4tphmpqfg.bx.internal.cloudapp.net:8088/proxy/application_1621523488736_0008/</a>"}]},"apps":[],"jobName":"paragraph_1621528625721_1215326032","id":"20210520-163705_636530089","dateCreated":"2021-05-20T16:37:05+0000","dateStarted":"2021-05-20T16:42:37+0000","dateFinished":"2021-05-20T16:43:19+0000","status":"FINISHED","progressUpdateIntervalMs":500,"$$hashKey":"object:42365"},{"text":"%sql\n\nDESCRIBE TABLE factinternetsales","user":"anonymous","dateUpdated":"2021-05-20T16:45:09+0000","config":{"colWidth":12,"fontSize":9,"enabled":true,"results":{"0":{"graph":{"mode":"table","height":300,"optionOpen":false,"setting":{"table":{"tableGridState":{},"tableColumnTypeState":{"names":{"col_name":"string","data_type":"string","comment":"string"},"updated":false},"tableOptionSpecHash":"[{\"name\":\"useFilter\",\"valueType\":\"boolean\",\"defaultValue\":false,\"widget\":\"checkbox\",\"description\":\"Enable filter for columns\"},{\"name\":\"showPagination\",\"valueType\":\"boolean\",\"defaultValue\":false,\"widget\":\"checkbox\",\"description\":\"Enable pagination for better navigation\"},{\"name\":\"showAggregationFooter\",\"valueType\":\"boolean\",\"defaultValue\":false,\"widget\":\"checkbox\",\"description\":\"Enable a footer for displaying aggregated values\"}]","tableOptionValue":{"useFilter":false,"showPagination":false,"showAggregationFooter":false},"updated":false,"initialized":false}},"commonSetting":{}}}},"editorSetting":{"language":"sql","editOnDblClick":false,"completionKey":"TAB","completionSupport":true},"editorMode":"ace/mode/sql","tableHide":false},"settings":{"params":{},"forms":{}},"results":{"code":"SUCCESS","msg":[{"type":"TABLE","data":"col_name\tdata_type\tcomment\nProductKey\tint\tnull\nOrderDateKey\tint\tnull\nDueDateKey\tint\tnull\nShipDateKey\tint\tnull\nCustomerKey\tint\tnull\nPromotionKey\tint\tnull\nCurrencyKey\tint\tnull\nSalesTerritoryKey\tint\tnull\nSalesOrderNumber\tstring\tnull\nSalesOrderLineNumber\tint\tnull\nRevisionNumber\tint\tnull\nOrderQuantity\tint\tnull\nUnitPrice\tdouble\tnull\nExtendedAmount\tdouble\tnull\nUnitPriceDiscountPct\tint\tnull\nDiscountAmount\tint\tnull\nProductStandardCost\tdouble\tnull\nTotalProductCost\tdouble\tnull\nSalesAmount\tdouble\tnull\nTaxAmt\tdouble\tnull\nFreight\tdouble\tnull\nCarrierTrackingNu...\tstring\tnull\nCustomerPONumber\tstring\tnull\nOrderDate\ttimestamp\tnull\nDueDate\ttimestamp\tnull\nShipDate\ttimestamp\tnull"},{"type":"HTML","data":"<hr/>Spark Application Id: application_1621523488736_0007<br/>Spark WebUI: <a href=\"http://hn1-hdibpc.azhjkvldhjduvd2qp4tphmpqfg.bx.internal.cloudapp.net:8088/proxy/application_1621523488736_0007/\">http://hn1-hdibpc.azhjkvldhjduvd2qp4tphmpqfg.bx.internal.cloudapp.net:8088/proxy/application_1621523488736_0007/</a>"}]},"apps":[],"jobName":"paragraph_1621528670220_1373096663","id":"20210520-163750_799819029","dateCreated":"2021-05-20T16:37:50+0000","dateStarted":"2021-05-20T16:38:25+0000","dateFinished":"2021-05-20T16:38:26+0000","status":"FINISHED","progressUpdateIntervalMs":500,"$$hashKey":"object:42366"},{"text":"%md\n## Scalar functions - operate on one row at a time.\n##\n#### Function: datediff\n\n#### datediff(endDate, startDate) - Returns the number of days from startDate to endDate.\n##\n\n#### Function: format_string\n\n#### format_string(strfmt, obj, ...) - Returns a formatted string from printf-style format strings.\n##\n\n#### Function: date_format\n#### date_format(timestamp, fmt) - Converts timestamp to a value of string in the format specified by the date format fmt.\nhttps://spark.apache.org/docs/3.1.1/sql-ref-datetime-pattern.html\n\n##\n#### Function: to_json\n\n#### to_json(expr[, options]) - Returns a json string with a given struct value\n","user":"anonymous","dateUpdated":"2021-05-20T16:45:09+0000","config":{"colWidth":12,"fontSize":9,"enabled":true,"results":{},"editorSetting":{"language":"markdown","editOnDblClick":true,"completionKey":"TAB","completionSupport":false},"editorMode":"ace/mode/markdown","editorHide":true,"tableHide":false},"settings":{"params":{},"forms":{}},"results":{"code":"SUCCESS","msg":[{"type":"HTML","data":"<h2>Scalar functions - operate on one row at a time.</h2>\n<h2></h2>\n<h4>Function: datediff</h4>\n<h4>datediff(endDate, startDate) - Returns the number of days from startDate to endDate.</h4>\n<h2></h2>\n<h4>Function: format_string</h4>\n<h4>format_string(strfmt, obj, &hellip;) - Returns a formatted string from printf-style format strings.</h4>\n<h2></h2>\n<h4>Function: date_format</h4>\n<h4>date_format(timestamp, fmt) - Converts timestamp to a value of string in the format specified by the date format fmt.</h4>\n<p>https://spark.apache.org/docs/3.1.1/sql-ref-datetime-pattern.html</p>\n<h2></h2>\n<h4>Function: to_json</h4>\n<h4>to_json(expr[, options]) - Returns a json string with a given struct value</h4>\n"}]},"apps":[],"jobName":"paragraph_1621528705771_238324788","id":"20210520-163825_337528919","dateCreated":"2021-05-20T16:38:25+0000","dateStarted":"2021-05-20T16:41:10+0000","dateFinished":"2021-05-20T16:41:10+0000","status":"FINISHED","progressUpdateIntervalMs":500,"$$hashKey":"object:42367"},{"text":"%sql\n\nSELECT datediff(ShipDate, OrderDate) as DaysToShip,\n       format_string(\"Ordered on %s and shipped on %s\", \n                     date_format(OrderDate, \"y-M-d\"), date_format(ShipDate, \"yyyy-MM-dd\")) as Message,\n       to_json(named_struct('DateShipped', ShipDate)) as json\nFROM factinternetsales limit 5\n","user":"anonymous","dateUpdated":"2021-05-20T16:45:09+0000","config":{"colWidth":12,"fontSize":9,"enabled":true,"results":{"0":{"graph":{"mode":"table","height":300,"optionOpen":false,"setting":{"table":{"tableGridState":{"columns":[{"name":"DaysToShip0","visible":true,"width":"*","sort":{},"filters":[{}],"pinned":""},{"name":"Message1","visible":true,"width":433,"sort":{},"filters":[{}],"pinned":""},{"name":"json2","visible":true,"width":"*","sort":{},"filters":[{}],"pinned":""}],"scrollFocus":{},"selection":[],"grouping":{"grouping":[],"aggregations":[],"rowExpandedStates":{}},"treeView":{},"pagination":{"paginationCurrentPage":1,"paginationPageSize":250}},"tableColumnTypeState":{"names":{"DaysToShip":"string","Message":"string","json":"string"},"updated":false},"tableOptionSpecHash":"[{\"name\":\"useFilter\",\"valueType\":\"boolean\",\"defaultValue\":false,\"widget\":\"checkbox\",\"description\":\"Enable filter for columns\"},{\"name\":\"showPagination\",\"valueType\":\"boolean\",\"defaultValue\":false,\"widget\":\"checkbox\",\"description\":\"Enable pagination for better navigation\"},{\"name\":\"showAggregationFooter\",\"valueType\":\"boolean\",\"defaultValue\":false,\"widget\":\"checkbox\",\"description\":\"Enable a footer for displaying aggregated values\"}]","tableOptionValue":{"useFilter":false,"showPagination":false,"showAggregationFooter":false},"updated":false,"initialized":false}},"commonSetting":{}}}},"editorSetting":{"language":"sql","editOnDblClick":false,"completionKey":"TAB","completionSupport":true},"editorMode":"ace/mode/sql","tableHide":false},"settings":{"params":{},"forms":{}},"results":{"code":"SUCCESS","msg":[{"type":"TABLE","data":"DaysToShip\tMessage\tjson\n7\tOrdered on 2013-5-20 and shipped on 2013-05-27\t{\\\"DateShipped\\\":\\\"2013-05-27T00:00:00.000Z\\\"}\n7\tOrdered on 2013-5-20 and shipped on 2013-05-27\t{\\\"DateShipped\\\":\\\"2013-05-27T00:00:00.000Z\\\"}\n7\tOrdered on 2013-5-20 and shipped on 2013-05-27\t{\\\"DateShipped\\\":\\\"2013-05-27T00:00:00.000Z\\\"}\n7\tOrdered on 2013-5-20 and shipped on 2013-05-27\t{\\\"DateShipped\\\":\\\"2013-05-27T00:00:00.000Z\\\"}\n7\tOrdered on 2013-5-20 and shipped on 2013-05-27\t{\\\"DateShipped\\\":\\\"2013-05-27T00:00:00.000Z\\\"}"},{"type":"HTML","data":"<hr/>Spark Application Id: application_1621523488736_0008<br/>Spark WebUI: <a href=\"http://hn1-hdibpc.azhjkvldhjduvd2qp4tphmpqfg.bx.internal.cloudapp.net:8088/proxy/application_1621523488736_0008/\">http://hn1-hdibpc.azhjkvldhjduvd2qp4tphmpqfg.bx.internal.cloudapp.net:8088/proxy/application_1621523488736_0008/</a>"}]},"apps":[],"jobName":"paragraph_1621528790522_972520795","id":"20210520-163950_1438861684","dateCreated":"2021-05-20T16:39:50+0000","dateStarted":"2021-05-20T16:44:17+0000","dateFinished":"2021-05-20T16:44:24+0000","status":"FINISHED","progressUpdateIntervalMs":500,"$$hashKey":"object:42368"},{"text":"%sql\n\nSELECT OrderDate,\n       year(OrderDate) as Year,\n       dayofmonth(OrderDate) as MonthDay,\n       dayofyear(OrderDate) as DayOfYear,\n       CASE  WHEN  dayofyear(OrderDate) <= 100 THEN 'Early in the year'\n             WHEN  dayofyear(OrderDate) BETWEEN 101 AND 200 THEN 'Middle of year' \n             ELSE 'Late in the year'\n       END as TimeOfYear\nFROM factinternetsales \nORDER BY SalesOrderNumber\nLIMIT 20","user":"anonymous","dateUpdated":"2021-05-20T16:45:09+0000","config":{"colWidth":12,"fontSize":9,"enabled":true,"results":{"0":{"graph":{"mode":"table","height":300,"optionOpen":false,"setting":{"table":{"tableGridState":{},"tableColumnTypeState":{"names":{"OrderDate":"string","Year":"string","MonthDay":"string","DayOfYear":"string","TimeOfYear":"string"},"updated":false},"tableOptionSpecHash":"[{\"name\":\"useFilter\",\"valueType\":\"boolean\",\"defaultValue\":false,\"widget\":\"checkbox\",\"description\":\"Enable filter for columns\"},{\"name\":\"showPagination\",\"valueType\":\"boolean\",\"defaultValue\":false,\"widget\":\"checkbox\",\"description\":\"Enable pagination for better navigation\"},{\"name\":\"showAggregationFooter\",\"valueType\":\"boolean\",\"defaultValue\":false,\"widget\":\"checkbox\",\"description\":\"Enable a footer for displaying aggregated values\"}]","tableOptionValue":{"useFilter":false,"showPagination":false,"showAggregationFooter":false},"updated":false,"initialized":false}},"commonSetting":{}}}},"editorSetting":{"language":"sql","editOnDblClick":false,"completionKey":"TAB","completionSupport":true},"editorMode":"ace/mode/sql","tableHide":false},"settings":{"params":{},"forms":{}},"results":{"code":"SUCCESS","msg":[{"type":"TABLE","data":"OrderDate\tYear\tMonthDay\tDayOfYear\tTimeOfYear\n2010-12-29 00:00:00\t2010\t29\t363\tLate in the year\n2010-12-29 00:00:00\t2010\t29\t363\tLate in the year\n2010-12-29 00:00:00\t2010\t29\t363\tLate in the year\n2010-12-29 00:00:00\t2010\t29\t363\tLate in the year\n2010-12-29 00:00:00\t2010\t29\t363\tLate in the year\n2010-12-30 00:00:00\t2010\t30\t364\tLate in the year\n2010-12-30 00:00:00\t2010\t30\t364\tLate in the year\n2010-12-30 00:00:00\t2010\t30\t364\tLate in the year\n2010-12-30 00:00:00\t2010\t30\t364\tLate in the year\n2010-12-31 00:00:00\t2010\t31\t365\tLate in the year\n2010-12-31 00:00:00\t2010\t31\t365\tLate in the year\n2010-12-31 00:00:00\t2010\t31\t365\tLate in the year\n2010-12-31 00:00:00\t2010\t31\t365\tLate in the year\n2010-12-31 00:00:00\t2010\t31\t365\tLate in the year\n2011-01-01 00:00:00\t2011\t1\t1\tEarly in the year\n2011-01-01 00:00:00\t2011\t1\t1\tEarly in the year\n2011-01-02 00:00:00\t2011\t2\t2\tEarly in the year\n2011-01-02 00:00:00\t2011\t2\t2\tEarly in the year\n2011-01-02 00:00:00\t2011\t2\t2\tEarly in the year\n2011-01-02 00:00:00\t2011\t2\t2\tEarly in the year"},{"type":"HTML","data":"<hr/>Spark Application Id: application_1621523488736_0008<br/>Spark WebUI: <a href=\"http://hn1-hdibpc.azhjkvldhjduvd2qp4tphmpqfg.bx.internal.cloudapp.net:8088/proxy/application_1621523488736_0008/\">http://hn1-hdibpc.azhjkvldhjduvd2qp4tphmpqfg.bx.internal.cloudapp.net:8088/proxy/application_1621523488736_0008/</a>"}]},"apps":[],"jobName":"paragraph_1621528888984_-1123894638","id":"20210520-164128_1166121750","dateCreated":"2021-05-20T16:41:28+0000","dateStarted":"2021-05-20T16:44:45+0000","dateFinished":"2021-05-20T16:44:49+0000","status":"FINISHED","progressUpdateIntervalMs":500,"$$hashKey":"object:42369"},{"text":"%md\n### Aggregate Functions - Operates over a group of values \nhttps://spark.apache.org/docs/3.1.1/sql-ref-functions-builtin.html#aggregate-functions\n","user":"anonymous","dateUpdated":"2021-05-20T16:45:47+0000","config":{"colWidth":12,"fontSize":9,"enabled":true,"results":{},"editorSetting":{"language":"markdown","editOnDblClick":true,"completionKey":"TAB","completionSupport":false},"editorMode":"ace/mode/markdown","tableHide":false,"editorHide":true},"settings":{"params":{},"forms":{}},"apps":[],"jobName":"paragraph_1621529085532_-1692066861","id":"20210520-164445_1426091979","dateCreated":"2021-05-20T16:44:45+0000","status":"FINISHED","progressUpdateIntervalMs":500,"$$hashKey":"object:42370","dateFinished":"2021-05-20T16:45:47+0000","dateStarted":"2021-05-20T16:45:47+0000","results":{"code":"SUCCESS","msg":[{"type":"HTML","data":"<h3>Aggregate Functions - Operates over a group of values</h3>\n<p>https://spark.apache.org/docs/3.1.1/sql-ref-functions-builtin.html#aggregate-functions</p>\n"}]}},{"text":"%sql\n\n-- If there are spaces in the column header, enclose the label in backticks \nSELECT year(OrderDate), \n       sum(SalesAmount) as `Total Sales`,\n       round(sum(SalesAmount), 0) as `Total Sales (rounded)`,\n       count(*) as `Order Count`, \n       round(avg(SalesAmount), 0) as `Avg Sales`,\n       max(SalesAmount) as `Highest Sale`,\n       min(SalesAmount) as `Lowest Sale`,\n       round(stddev_pop(SalesAmount), 2) as `Std Dev`,\n       round(var_pop(SalesAmount), 2) as `Variance`,\n       round(corr(SalesAmount, UnitPrice), 4) as corr\nFROM factinternetsales \nGROUP BY 1\nHAVING sum(SalesAmount) > 100000\nORDER BY 1\n","user":"anonymous","dateUpdated":"2021-05-20T16:46:23+0000","config":{"colWidth":12,"fontSize":9,"enabled":true,"results":{"0":{"graph":{"mode":"table","height":300,"optionOpen":false,"setting":{"table":{"tableGridState":{},"tableColumnTypeState":{"names":{"year(CAST(OrderDate AS DATE))":"string","Total Sales":"string","Total Sales (rounded)":"string","Order Count":"string","Avg Sales":"string","Highest Sale":"string","Lowest Sale":"string","Std Dev":"string","Variance":"string","corr":"string"},"updated":false},"tableOptionSpecHash":"[{\"name\":\"useFilter\",\"valueType\":\"boolean\",\"defaultValue\":false,\"widget\":\"checkbox\",\"description\":\"Enable filter for columns\"},{\"name\":\"showPagination\",\"valueType\":\"boolean\",\"defaultValue\":false,\"widget\":\"checkbox\",\"description\":\"Enable pagination for better navigation\"},{\"name\":\"showAggregationFooter\",\"valueType\":\"boolean\",\"defaultValue\":false,\"widget\":\"checkbox\",\"description\":\"Enable a footer for displaying aggregated values\"}]","tableOptionValue":{"useFilter":false,"showPagination":false,"showAggregationFooter":false},"updated":false,"initialized":false}},"commonSetting":{}}}},"editorSetting":{"language":"sql","editOnDblClick":false,"completionKey":"TAB","completionSupport":true},"editorMode":"ace/mode/sql"},"settings":{"params":{},"forms":{}},"apps":[],"jobName":"paragraph_1621529147549_1469056353","id":"20210520-164547_484384594","dateCreated":"2021-05-20T16:45:47+0000","status":"FINISHED","progressUpdateIntervalMs":500,"focus":true,"$$hashKey":"object:45522","dateFinished":"2021-05-20T16:46:23+0000","dateStarted":"2021-05-20T16:46:14+0000","results":{"code":"SUCCESS","msg":[{"type":"TABLE","data":"year(CAST(OrderDate AS DATE))\tTotal Sales\tTotal Sales (rounded)\tOrder Count\tAvg Sales\tHighest Sale\tLowest Sale\tStd Dev\tVariance\tcorr\n2011\t7075525.9290997805\t7075526.0\t2216\t3193.0\t3578.27\t699.0982\t922.81\t851586.44\t1.0\n2012\t5842485.195200018\t5842485.0\t3397\t1720.0\t2443.35\t2.29\t690.99\t477470.23\t1.0\n2013\t1.6351550340005867E7\t1.635155E7\t52801\t310.0\t2443.35\t2.29\t687.76\t473010.26\t1.0"},{"type":"HTML","data":"<hr/>Spark Application Id: application_1621523488736_0008<br/>Spark WebUI: <a href=\"http://hn1-hdibpc.azhjkvldhjduvd2qp4tphmpqfg.bx.internal.cloudapp.net:8088/proxy/application_1621523488736_0008/\">http://hn1-hdibpc.azhjkvldhjduvd2qp4tphmpqfg.bx.internal.cloudapp.net:8088/proxy/application_1621523488736_0008/</a>"}]}},{"text":"%sql\n\nDESCRIBE TABLE factinternetsales","user":"anonymous","dateUpdated":"2021-05-20T16:47:02+0000","config":{"colWidth":12,"fontSize":9,"enabled":true,"results":{"0":{"graph":{"mode":"table","height":300,"optionOpen":false,"setting":{"table":{"tableGridState":{},"tableColumnTypeState":{"names":{"col_name":"string","data_type":"string","comment":"string"},"updated":false},"tableOptionSpecHash":"[{\"name\":\"useFilter\",\"valueType\":\"boolean\",\"defaultValue\":false,\"widget\":\"checkbox\",\"description\":\"Enable filter for columns\"},{\"name\":\"showPagination\",\"valueType\":\"boolean\",\"defaultValue\":false,\"widget\":\"checkbox\",\"description\":\"Enable pagination for better navigation\"},{\"name\":\"showAggregationFooter\",\"valueType\":\"boolean\",\"defaultValue\":false,\"widget\":\"checkbox\",\"description\":\"Enable a footer for displaying aggregated values\"}]","tableOptionValue":{"useFilter":false,"showPagination":false,"showAggregationFooter":false},"updated":false,"initialized":false}},"commonSetting":{}}}},"editorSetting":{"language":"sql","editOnDblClick":false,"completionKey":"TAB","completionSupport":true},"editorMode":"ace/mode/sql"},"settings":{"params":{},"forms":{}},"apps":[],"jobName":"paragraph_1621529174969_1198535035","id":"20210520-164614_294987148","dateCreated":"2021-05-20T16:46:14+0000","status":"FINISHED","progressUpdateIntervalMs":500,"focus":true,"$$hashKey":"object:45610","dateFinished":"2021-05-20T16:46:59+0000","dateStarted":"2021-05-20T16:46:58+0000","results":{"code":"SUCCESS","msg":[{"type":"TABLE","data":"col_name\tdata_type\tcomment\nProductKey\tint\tnull\nOrderDateKey\tint\tnull\nDueDateKey\tint\tnull\nShipDateKey\tint\tnull\nCustomerKey\tint\tnull\nPromotionKey\tint\tnull\nCurrencyKey\tint\tnull\nSalesTerritoryKey\tint\tnull\nSalesOrderNumber\tstring\tnull\nSalesOrderLineNumber\tint\tnull\nRevisionNumber\tint\tnull\nOrderQuantity\tint\tnull\nUnitPrice\tdouble\tnull\nExtendedAmount\tdouble\tnull\nUnitPriceDiscountPct\tint\tnull\nDiscountAmount\tint\tnull\nProductStandardCost\tdouble\tnull\nTotalProductCost\tdouble\tnull\nSalesAmount\tdouble\tnull\nTaxAmt\tdouble\tnull\nFreight\tdouble\tnull\nCarrierTrackingNumber\tstring\tnull\nCustomerPONumber\tstring\tnull\nOrderDate\ttimestamp\tnull\nDueDate\ttimestamp\tnull\nShipDate\ttimestamp\tnull"},{"type":"HTML","data":"<hr/>Spark Application Id: application_1621523488736_0008<br/>Spark WebUI: <a href=\"http://hn1-hdibpc.azhjkvldhjduvd2qp4tphmpqfg.bx.internal.cloudapp.net:8088/proxy/application_1621523488736_0008/\">http://hn1-hdibpc.azhjkvldhjduvd2qp4tphmpqfg.bx.internal.cloudapp.net:8088/proxy/application_1621523488736_0008/</a>"}]}},{"text":"%md\r\n### Test Your Skills","user":"anonymous","dateUpdated":"2021-05-20T16:47:24+0000","config":{"colWidth":12,"fontSize":9,"enabled":true,"results":{},"editorSetting":{"language":"markdown","editOnDblClick":true,"completionKey":"TAB","completionSupport":false},"editorMode":"ace/mode/markdown","editorHide":true,"tableHide":false},"settings":{"params":{},"forms":{}},"apps":[],"jobName":"paragraph_1621529218436_-1570711792","id":"20210520-164658_308661101","dateCreated":"2021-05-20T16:46:58+0000","status":"FINISHED","progressUpdateIntervalMs":500,"focus":true,"$$hashKey":"object:46198","dateFinished":"2021-05-20T16:47:24+0000","dateStarted":"2021-05-20T16:47:24+0000","results":{"code":"SUCCESS","msg":[{"type":"HTML","data":"<h3>Test Your Skills</h3>\n"}]}},{"text":"%md\n#### 1)\n#### Query factinternetsales showing the OrderDate, the first five characters as SalesOrderNumber,  \n#### the length of SalesOrderNumber, and the SalesAmount.","user":"anonymous","dateUpdated":"2021-05-20T16:47:46+0000","config":{"colWidth":12,"fontSize":9,"enabled":true,"results":{},"editorSetting":{"language":"markdown","editOnDblClick":true,"completionKey":"TAB","completionSupport":false},"editorMode":"ace/mode/markdown","editorHide":true,"tableHide":false},"settings":{"params":{},"forms":{}},"apps":[],"jobName":"paragraph_1621529244512_-347503031","id":"20210520-164724_79847032","dateCreated":"2021-05-20T16:47:24+0000","status":"FINISHED","progressUpdateIntervalMs":500,"focus":true,"$$hashKey":"object:47062","dateFinished":"2021-05-20T16:47:46+0000","dateStarted":"2021-05-20T16:47:46+0000","results":{"code":"SUCCESS","msg":[{"type":"HTML","data":"<h4>1)</h4>\n<h4>Query factinternetsales showing the OrderDate, the first five characters as SalesOrderNumber,</h4>\n<h4>the length of SalesOrderNumber, and the SalesAmount.</h4>\n"}]}},{"text":"%sql\n\n-- Code your answer here\n","user":"anonymous","dateUpdated":"2021-05-20T16:48:41+0000","config":{"colWidth":12,"fontSize":9,"enabled":true,"results":{},"editorSetting":{"language":"sql","editOnDblClick":false,"completionKey":"TAB","completionSupport":true},"editorMode":"ace/mode/sql"},"settings":{"params":{},"forms":{}},"apps":[],"jobName":"paragraph_1621529266430_-1468517886","id":"20210520-164746_1934223135","dateCreated":"2021-05-20T16:47:46+0000","status":"ERROR","progressUpdateIntervalMs":500,"focus":true,"$$hashKey":"object:47158","dateFinished":"2021-05-20T16:48:42+0000","dateStarted":"2021-05-20T16:48:41+0000","errorMessage":""},{"text":"%sql\n\n-- Show this cell for the solution.\n-- ============================================\nSELECT OrderDate, substring(SalesOrderNumber, 1, 5), length(SalesOrderNumber), SalesAmount \nFROM factinternetsales \nlimit 5","user":"anonymous","dateUpdated":"2021-05-20T16:53:47+0000","config":{"colWidth":12,"fontSize":9,"enabled":true,"results":{"0":{"graph":{"mode":"table","height":300,"optionOpen":false,"setting":{"table":{"tableGridState":{},"tableColumnTypeState":{"names":{"OrderDate":"string","substring(SalesOrderNumber, 1, 5)":"string","length(SalesOrderNumber)":"string","SalesAmount":"string"},"updated":false},"tableOptionSpecHash":"[{\"name\":\"useFilter\",\"valueType\":\"boolean\",\"defaultValue\":false,\"widget\":\"checkbox\",\"description\":\"Enable filter for columns\"},{\"name\":\"showPagination\",\"valueType\":\"boolean\",\"defaultValue\":false,\"widget\":\"checkbox\",\"description\":\"Enable pagination for better navigation\"},{\"name\":\"showAggregationFooter\",\"valueType\":\"boolean\",\"defaultValue\":false,\"widget\":\"checkbox\",\"description\":\"Enable a footer for displaying aggregated values\"}]","tableOptionValue":{"useFilter":false,"showPagination":false,"showAggregationFooter":false},"updated":false,"initialized":false}},"commonSetting":{}}}},"editorSetting":{"language":"sql","editOnDblClick":false,"completionKey":"TAB","completionSupport":true},"editorMode":"ace/mode/sql","editorHide":true,"title":true},"settings":{"params":{},"forms":{}},"apps":[],"jobName":"paragraph_1621529302555_359875129","id":"20210520-164822_1048314491","dateCreated":"2021-05-20T16:48:22+0000","status":"FINISHED","progressUpdateIntervalMs":500,"focus":true,"$$hashKey":"object:47245","dateFinished":"2021-05-20T16:53:26+0000","dateStarted":"2021-05-20T16:53:24+0000","errorMessage":"","title":"Expand this cell by clicking the 4 arrows icon on the right to see the answer..."},{"text":"%md\r\n#### 2)\r\n#### Get the total SalesAmount, average SalesAmount, and the \r\n#### total SalesAmount minus the average SalesAmount with the column heading Sales Over/Under Avg.\r\n#### grouped by SalesTerritoryKey returning only results having the total sales amount greater than 6000.","user":"anonymous","dateUpdated":"2021-05-20T16:53:14+0000","config":{"colWidth":12,"fontSize":9,"enabled":true,"results":{},"editorSetting":{"language":"markdown","editOnDblClick":true,"completionKey":"TAB","completionSupport":false},"editorMode":"ace/mode/markdown","editorHide":true,"tableHide":false},"settings":{"params":{},"forms":{}},"apps":[],"jobName":"paragraph_1621529444100_343032897","id":"20210520-165044_1897493952","dateCreated":"2021-05-20T16:50:44+0000","status":"FINISHED","progressUpdateIntervalMs":500,"focus":true,"$$hashKey":"object:47426","dateFinished":"2021-05-20T16:53:14+0000","dateStarted":"2021-05-20T16:53:14+0000","results":{"code":"SUCCESS","msg":[{"type":"HTML","data":"<h4>2)</h4>\n<h4>Get the total SalesAmount, average SalesAmount, and the</h4>\n<h4>total SalesAmount minus the average SalesAmount with the column heading Sales Over/Under Avg.</h4>\n<h4>grouped by SalesTerritoryKey returning only results having the total sales amount greater than 6000.</h4>\n"}]}},{"text":"%sql\n\n-- Code your answer here.\n","user":"anonymous","dateUpdated":"2021-05-20T16:51:43+0000","config":{"colWidth":12,"fontSize":9,"enabled":true,"results":{},"editorSetting":{"language":"sql","editOnDblClick":false,"completionKey":"TAB","completionSupport":true},"editorMode":"ace/mode/sql"},"settings":{"params":{},"forms":{}},"apps":[],"jobName":"paragraph_1621529465740_417662383","id":"20210520-165105_279662811","dateCreated":"2021-05-20T16:51:05+0000","status":"READY","progressUpdateIntervalMs":500,"focus":true,"$$hashKey":"object:47510"},{"text":"%sql\n\nSELECT sum(SalesAmount), avg(SalesAmount), (sum(SalesAmount) - avg(SalesAmount)) as `Sales Over/Under Avg` \nFROM factinternetsales \nGROUP BY SalesTerritoryKey\nHAVING sum(SalesAmount) > 6000\n","user":"anonymous","dateUpdated":"2021-05-20T16:52:43+0000","config":{"colWidth":12,"fontSize":9,"enabled":true,"results":{"0":{"graph":{"mode":"table","height":300,"optionOpen":false,"setting":{"table":{"tableGridState":{},"tableColumnTypeState":{"names":{"sum(SalesAmount)":"string","avg(SalesAmount)":"string","Sales Over\\/Under Avg":"string"},"updated":false},"tableOptionSpecHash":"[{\"name\":\"useFilter\",\"valueType\":\"boolean\",\"defaultValue\":false,\"widget\":\"checkbox\",\"description\":\"Enable filter for columns\"},{\"name\":\"showPagination\",\"valueType\":\"boolean\",\"defaultValue\":false,\"widget\":\"checkbox\",\"description\":\"Enable pagination for better navigation\"},{\"name\":\"showAggregationFooter\",\"valueType\":\"boolean\",\"defaultValue\":false,\"widget\":\"checkbox\",\"description\":\"Enable a footer for displaying aggregated values\"}]","tableOptionValue":{"useFilter":false,"showPagination":false,"showAggregationFooter":false},"updated":false,"initialized":false}},"commonSetting":{}}}},"editorSetting":{"language":"sql","editOnDblClick":false,"completionKey":"TAB","completionSupport":true},"editorMode":"ace/mode/sql","title":true,"editorHide":true},"settings":{"params":{},"forms":{}},"apps":[],"jobName":"paragraph_1621529504070_1429974208","id":"20210520-165144_86682780","dateCreated":"2021-05-20T16:51:44+0000","status":"FINISHED","progressUpdateIntervalMs":500,"focus":true,"$$hashKey":"object:47594","dateFinished":"2021-05-20T16:52:10+0000","dateStarted":"2021-05-20T16:52:05+0000","errorMessage":"","title":"Expand this cell by clicking the 4 arrows icon on the right to see the answer..."}],"name":"AW_SQL_Functions_Spark","id":"2G863K8UY","noteParams":{},"noteForms":{},"angularObjects":{"md:shared_process":[],"livy2:shared_process":[]},"config":{"isZeppelinNotebookCronEnable":false,"looknfeel":"default","personalizedMode":"false"},"info":{}}