﻿{"paragraphs":[{"user":"anonymous","config":{"colWidth":12,"fontSize":9,"enabled":true,"results":{},"editorSetting":{"language":"markdown","editOnDblClick":true,"completionKey":"TAB","completionSupport":false},"editorMode":"ace/mode/markdown","editorHide":true,"tableHide":false},"settings":{"params":{},"forms":{}},"apps":[],"jobName":"paragraph_1621529733922_1197832208","id":"20210520-165533_523000031","dateCreated":"2021-05-20T16:55:33+0000","status":"FINISHED","progressUpdateIntervalMs":500,"focus":true,"$$hashKey":"object:49221","text":"%md ## Author: Bryan Cafferky  \r\n\r\n### For demonstration purposes only.\r\n### Not intended for production use.","dateUpdated":"2021-05-20T16:55:56+0000","dateFinished":"2021-05-20T16:55:57+0000","dateStarted":"2021-05-20T16:55:57+0000","results":{"code":"SUCCESS","msg":[{"type":"HTML","data":"<h2>Author: Bryan Cafferky</h2>\n<h3>For demonstration purposes only.</h3>\n<h3>Not intended for production use.</h3>\n"}]}},{"text":"%md\n# Using Spark SQL Window functions...","user":"anonymous","dateUpdated":"2021-05-20T16:56:18+0000","config":{"colWidth":12,"fontSize":9,"enabled":true,"results":{},"editorSetting":{"language":"markdown","editOnDblClick":true,"completionKey":"TAB","completionSupport":false},"editorMode":"ace/mode/markdown","editorHide":true,"tableHide":false},"settings":{"params":{},"forms":{}},"apps":[],"jobName":"paragraph_1621529756994_1290501305","id":"20210520-165556_1540707921","dateCreated":"2021-05-20T16:55:56+0000","status":"FINISHED","progressUpdateIntervalMs":500,"focus":true,"$$hashKey":"object:49301","dateFinished":"2021-05-20T16:56:18+0000","dateStarted":"2021-05-20T16:56:18+0000","results":{"code":"SUCCESS","msg":[{"type":"HTML","data":"<h1>Using Spark SQL Window functions&hellip;</h1>\n"}]}},{"text":"%md\n\n#### The awproject database was created in a prior video which will be in this video descriptionn. \n#### The Zeppelin Notebook to create the tables is included with this video's notebooks.","user":"anonymous","dateUpdated":"2021-05-20T16:57:52+0000","config":{"colWidth":12,"fontSize":9,"enabled":true,"results":{},"editorSetting":{"language":"markdown","editOnDblClick":true,"completionKey":"TAB","completionSupport":false},"editorMode":"ace/mode/markdown","editorHide":true,"tableHide":false},"settings":{"params":{},"forms":{}},"apps":[],"jobName":"paragraph_1621529778968_132511182","id":"20210520-165618_1972242181","dateCreated":"2021-05-20T16:56:18+0000","status":"FINISHED","progressUpdateIntervalMs":500,"focus":true,"$$hashKey":"object:49409","dateFinished":"2021-05-20T16:57:53+0000","dateStarted":"2021-05-20T16:57:52+0000","results":{"code":"SUCCESS","msg":[{"type":"HTML","data":"<h4>The awproject database was created in a prior video which will be in this video descriptionn.</h4>\n<h4>The Zeppelin Notebook to create the tables is included with this video's notebooks.</h4>\n"}]}},{"text":"%md\n\n# Apache Spark Window Functions documentation\n#### https://spark.apache.org/docs/2.3.1/api/sql/index.html\n#### http://spark.apache.org/docs/latest/sql-ref-syntax-qry-select-window.html\n#### https://jaceklaskowski.gitbooks.io/mastering-spark-sql/content/spark-sql-functions-windows.html\n\n### Examples:\n#### http://spark.apache.org/docs/latest/sql-ref-syntax-qry-select-window.html","user":"anonymous","dateUpdated":"2021-05-20T16:58:23+0000","config":{"colWidth":12,"fontSize":9,"enabled":true,"results":{},"editorSetting":{"language":"markdown","editOnDblClick":true,"completionKey":"TAB","completionSupport":false},"editorMode":"ace/mode/markdown","editorHide":true,"tableHide":false},"settings":{"params":{},"forms":{}},"apps":[],"jobName":"paragraph_1621529862858_-569996981","id":"20210520-165742_1093906268","dateCreated":"2021-05-20T16:57:42+0000","status":"FINISHED","progressUpdateIntervalMs":500,"focus":true,"$$hashKey":"object:49503","dateFinished":"2021-05-20T16:58:23+0000","dateStarted":"2021-05-20T16:58:23+0000","results":{"code":"SUCCESS","msg":[{"type":"HTML","data":"<h1>Apache Spark Window Functions documentation</h1>\n<h4>https://spark.apache.org/docs/2.3.1/api/sql/index.html</h4>\n<h4>http://spark.apache.org/docs/latest/sql-ref-syntax-qry-select-window.html</h4>\n<h4>https://jaceklaskowski.gitbooks.io/mastering-spark-sql/content/spark-sql-functions-windows.html</h4>\n<h3>Examples:</h3>\n<h4>http://spark.apache.org/docs/latest/sql-ref-syntax-qry-select-window.html</h4>\n"}]}},{"text":"%md\n\n### Key Terms\n\n#### OVER — Identifies the start of a window function block of code. \n#### PARTITION – The data grouping.  The window function works within each partition. In the old days, we called\n####             this a control-break.\n#### ORDER BY — Sorts the rows by the specified colmumn which is critical for things like running totals.","user":"anonymous","dateUpdated":"2021-05-20T16:58:42+0000","config":{"colWidth":12,"fontSize":9,"enabled":true,"results":{},"editorSetting":{"language":"markdown","editOnDblClick":true,"completionKey":"TAB","completionSupport":false},"editorMode":"ace/mode/markdown","editorHide":true,"tableHide":false},"settings":{"params":{},"forms":{}},"apps":[],"jobName":"paragraph_1621529903306_-391387456","id":"20210520-165823_1834402508","dateCreated":"2021-05-20T16:58:23+0000","status":"FINISHED","progressUpdateIntervalMs":500,"focus":true,"$$hashKey":"object:49628","dateFinished":"2021-05-20T16:58:42+0000","dateStarted":"2021-05-20T16:58:42+0000","results":{"code":"SUCCESS","msg":[{"type":"HTML","data":"<h3>Key Terms</h3>\n<h4>OVER — Identifies the start of a window function block of code.</h4>\n<h4>PARTITION – The data grouping.  The window function works within each partition. In the old days, we called</h4>\n<h4>this a control-break.</h4>\n<h4>ORDER BY — Sorts the rows by the specified colmumn which is critical for things like running totals.</h4>\n"}]}},{"text":"%sql\n\nUSE awproject\n","user":"anonymous","dateUpdated":"2021-05-20T16:59:41+0000","config":{"colWidth":12,"fontSize":9,"enabled":true,"results":{"0":{"graph":{"mode":"table","height":114,"optionOpen":false,"setting":{"table":{"tableGridState":{},"tableColumnTypeState":{"names":{}},"tableOptionSpecHash":"[{\"name\":\"useFilter\",\"valueType\":\"boolean\",\"defaultValue\":false,\"widget\":\"checkbox\",\"description\":\"Enable filter for columns\"},{\"name\":\"showPagination\",\"valueType\":\"boolean\",\"defaultValue\":false,\"widget\":\"checkbox\",\"description\":\"Enable pagination for better navigation\"},{\"name\":\"showAggregationFooter\",\"valueType\":\"boolean\",\"defaultValue\":false,\"widget\":\"checkbox\",\"description\":\"Enable a footer for displaying aggregated values\"}]","tableOptionValue":{"useFilter":false,"showPagination":false,"showAggregationFooter":false},"updated":false,"initialized":false}},"commonSetting":{}}}},"editorSetting":{"language":"sql","editOnDblClick":false,"completionKey":"TAB","completionSupport":true},"editorMode":"ace/mode/sql","title":true},"settings":{"params":{},"forms":{}},"apps":[],"jobName":"paragraph_1621529922556_400042694","id":"20210520-165842_513658514","dateCreated":"2021-05-20T16:58:42+0000","status":"FINISHED","progressUpdateIntervalMs":500,"focus":true,"$$hashKey":"object:49721","dateFinished":"2021-05-20T16:59:25+0000","dateStarted":"2021-05-20T16:59:24+0000","title":"Change the database context","results":{"code":"SUCCESS","msg":[{"type":"TABLE","data":""},{"type":"HTML","data":"<hr/>Spark Application Id: application_1621523488736_0008<br/>Spark WebUI: <a href=\"http://hn1-hdibpc.azhjkvldhjduvd2qp4tphmpqfg.bx.internal.cloudapp.net:8088/proxy/application_1621523488736_0008/\">http://hn1-hdibpc.azhjkvldhjduvd2qp4tphmpqfg.bx.internal.cloudapp.net:8088/proxy/application_1621523488736_0008/</a>"}]}},{"text":"%md\n\n### Create some views to use in the queries...\n","user":"anonymous","dateUpdated":"2021-05-20T17:00:01+0000","config":{"colWidth":12,"fontSize":9,"enabled":true,"results":{},"editorSetting":{"language":"markdown","editOnDblClick":true,"completionKey":"TAB","completionSupport":false},"editorMode":"ace/mode/markdown","editorHide":true,"tableHide":false},"settings":{"params":{},"forms":{}},"apps":[],"jobName":"paragraph_1621529962519_-1550706214","id":"20210520-165922_1412014838","dateCreated":"2021-05-20T16:59:22+0000","status":"FINISHED","progressUpdateIntervalMs":500,"focus":true,"$$hashKey":"object:49820","dateFinished":"2021-05-20T17:00:01+0000","dateStarted":"2021-05-20T17:00:01+0000","results":{"code":"SUCCESS","msg":[{"type":"HTML","data":"<h3>Create some views to use in the queries&hellip;</h3>\n"}]}},{"text":"%sql\n\nCREATE OR REPLACE VIEW v_salessummary as \nSELECT YEAR(OrderDate) as SalesYear,\n       MONTH(OrderDate) as SalesMonth, \n       ROUND(SUM(SalesAmount)) as TotalSales \nFROM factinternetsales\nGROUP BY 1, 2\nORDER BY 1, 2","user":"anonymous","dateUpdated":"2021-05-20T17:00:33+0000","config":{"colWidth":12,"fontSize":9,"enabled":true,"results":{"0":{"graph":{"mode":"table","height":104,"optionOpen":false,"setting":{"table":{"tableGridState":{},"tableColumnTypeState":{"names":{}},"tableOptionSpecHash":"[{\"name\":\"useFilter\",\"valueType\":\"boolean\",\"defaultValue\":false,\"widget\":\"checkbox\",\"description\":\"Enable filter for columns\"},{\"name\":\"showPagination\",\"valueType\":\"boolean\",\"defaultValue\":false,\"widget\":\"checkbox\",\"description\":\"Enable pagination for better navigation\"},{\"name\":\"showAggregationFooter\",\"valueType\":\"boolean\",\"defaultValue\":false,\"widget\":\"checkbox\",\"description\":\"Enable a footer for displaying aggregated values\"}]","tableOptionValue":{"useFilter":false,"showPagination":false,"showAggregationFooter":false},"updated":false,"initialized":false}},"commonSetting":{}}}},"editorSetting":{"language":"scala","editOnDblClick":false,"completionKey":"TAB","completionSupport":true},"editorMode":"ace/mode/scala"},"settings":{"params":{},"forms":{}},"apps":[],"jobName":"paragraph_1621529994032_1295013313","id":"20210520-165954_644327445","dateCreated":"2021-05-20T16:59:54+0000","status":"FINISHED","progressUpdateIntervalMs":500,"focus":true,"$$hashKey":"object:50152","dateFinished":"2021-05-20T17:00:22+0000","dateStarted":"2021-05-20T17:00:20+0000","results":{"code":"SUCCESS","msg":[{"type":"TABLE","data":""},{"type":"HTML","data":"<hr/>Spark Application Id: application_1621523488736_0008<br/>Spark WebUI: <a href=\"http://hn1-hdibpc.azhjkvldhjduvd2qp4tphmpqfg.bx.internal.cloudapp.net:8088/proxy/application_1621523488736_0008/\">http://hn1-hdibpc.azhjkvldhjduvd2qp4tphmpqfg.bx.internal.cloudapp.net:8088/proxy/application_1621523488736_0008/</a>"}]}},{"text":"%sql\n\nSELECT * FROM v_salessummary limit 2","user":"anonymous","dateUpdated":"2021-05-20T17:00:59+0000","config":{"colWidth":12,"fontSize":9,"enabled":true,"results":{"0":{"graph":{"mode":"table","height":114,"optionOpen":false,"setting":{"table":{"tableGridState":{},"tableColumnTypeState":{"names":{"SalesYear":"string","SalesMonth":"string","TotalSales":"string"},"updated":false},"tableOptionSpecHash":"[{\"name\":\"useFilter\",\"valueType\":\"boolean\",\"defaultValue\":false,\"widget\":\"checkbox\",\"description\":\"Enable filter for columns\"},{\"name\":\"showPagination\",\"valueType\":\"boolean\",\"defaultValue\":false,\"widget\":\"checkbox\",\"description\":\"Enable pagination for better navigation\"},{\"name\":\"showAggregationFooter\",\"valueType\":\"boolean\",\"defaultValue\":false,\"widget\":\"checkbox\",\"description\":\"Enable a footer for displaying aggregated values\"}]","tableOptionValue":{"useFilter":false,"showPagination":false,"showAggregationFooter":false},"updated":false,"initialized":false}},"commonSetting":{}}}},"editorSetting":{"language":"sql","editOnDblClick":false,"completionKey":"TAB","completionSupport":true},"editorMode":"ace/mode/sql"},"settings":{"params":{},"forms":{}},"apps":[],"jobName":"paragraph_1621530020560_-697336214","id":"20210520-170020_1219942751","dateCreated":"2021-05-20T17:00:20+0000","status":"FINISHED","progressUpdateIntervalMs":500,"focus":true,"$$hashKey":"object:50265","dateFinished":"2021-05-20T17:00:45+0000","dateStarted":"2021-05-20T17:00:42+0000","results":{"code":"SUCCESS","msg":[{"type":"TABLE","data":"SalesYear\tSalesMonth\tTotalSales\n2010\t12\t43421.0\n2011\t1\t469824.0"},{"type":"HTML","data":"<hr/>Spark Application Id: application_1621523488736_0008<br/>Spark WebUI: <a href=\"http://hn1-hdibpc.azhjkvldhjduvd2qp4tphmpqfg.bx.internal.cloudapp.net:8088/proxy/application_1621523488736_0008/\">http://hn1-hdibpc.azhjkvldhjduvd2qp4tphmpqfg.bx.internal.cloudapp.net:8088/proxy/application_1621523488736_0008/</a>"}]}},{"text":"%sql\n\nCREATE OR REPLACE VIEW v_productcatalog as \nSELECT EnglishProductCategoryName as Category, EnglishProductName as Product, ROUND(SUM(SalesAmount)) as SalesAmount\nFROM       factinternetsales          s\nINNER JOIN dimproduct                 p\nON (s.ProductKey = p.ProductKey)\nINNER JOIN dimproductsubcategory      psc\nON (p.ProductSubCategoryKey = psc.ProductSubCategoryKey)\nINNER JOIN dimproductcategory         pc\nON (psc.ProductCategoryKey = pc.ProductCategoryKey)\nGROUP BY EnglishProductCategoryName, EnglishProductName","user":"anonymous","dateUpdated":"2021-05-20T17:01:24+0000","config":{"colWidth":12,"fontSize":9,"enabled":true,"results":{"0":{"graph":{"mode":"table","height":84,"optionOpen":false,"setting":{"table":{"tableGridState":{},"tableColumnTypeState":{"names":{}},"tableOptionSpecHash":"[{\"name\":\"useFilter\",\"valueType\":\"boolean\",\"defaultValue\":false,\"widget\":\"checkbox\",\"description\":\"Enable filter for columns\"},{\"name\":\"showPagination\",\"valueType\":\"boolean\",\"defaultValue\":false,\"widget\":\"checkbox\",\"description\":\"Enable pagination for better navigation\"},{\"name\":\"showAggregationFooter\",\"valueType\":\"boolean\",\"defaultValue\":false,\"widget\":\"checkbox\",\"description\":\"Enable a footer for displaying aggregated values\"}]","tableOptionValue":{"useFilter":false,"showPagination":false,"showAggregationFooter":false},"updated":false,"initialized":false}},"commonSetting":{}}}},"editorSetting":{"language":"sql","editOnDblClick":false,"completionKey":"TAB","completionSupport":true},"editorMode":"ace/mode/sql"},"settings":{"params":{},"forms":{}},"apps":[],"jobName":"paragraph_1621530042155_-1558300491","id":"20210520-170042_1870051176","dateCreated":"2021-05-20T17:00:42+0000","status":"FINISHED","progressUpdateIntervalMs":500,"focus":true,"$$hashKey":"object:50591","dateFinished":"2021-05-20T17:01:19+0000","dateStarted":"2021-05-20T17:01:17+0000","results":{"code":"SUCCESS","msg":[{"type":"TABLE","data":""},{"type":"HTML","data":"<hr/>Spark Application Id: application_1621523488736_0008<br/>Spark WebUI: <a href=\"http://hn1-hdibpc.azhjkvldhjduvd2qp4tphmpqfg.bx.internal.cloudapp.net:8088/proxy/application_1621523488736_0008/\">http://hn1-hdibpc.azhjkvldhjduvd2qp4tphmpqfg.bx.internal.cloudapp.net:8088/proxy/application_1621523488736_0008/</a>"}]}},{"text":"%sql\n\nSELECT * FROM v_productcatalog limit 2","user":"anonymous","dateUpdated":"2021-05-20T17:01:58+0000","config":{"colWidth":12,"fontSize":9,"enabled":true,"results":{"0":{"graph":{"mode":"table","height":104,"optionOpen":false,"setting":{"table":{"tableGridState":{},"tableColumnTypeState":{"names":{"Category":"string","Product":"string","SalesAmount":"string"},"updated":false},"tableOptionSpecHash":"[{\"name\":\"useFilter\",\"valueType\":\"boolean\",\"defaultValue\":false,\"widget\":\"checkbox\",\"description\":\"Enable filter for columns\"},{\"name\":\"showPagination\",\"valueType\":\"boolean\",\"defaultValue\":false,\"widget\":\"checkbox\",\"description\":\"Enable pagination for better navigation\"},{\"name\":\"showAggregationFooter\",\"valueType\":\"boolean\",\"defaultValue\":false,\"widget\":\"checkbox\",\"description\":\"Enable a footer for displaying aggregated values\"}]","tableOptionValue":{"useFilter":false,"showPagination":false,"showAggregationFooter":false},"updated":false,"initialized":false}},"commonSetting":{}}}},"editorSetting":{"language":"sql","editOnDblClick":false,"completionKey":"TAB","completionSupport":true},"editorMode":"ace/mode/sql"},"settings":{"params":{},"forms":{}},"apps":[],"jobName":"paragraph_1621530077932_-399013997","id":"20210520-170117_73926790","dateCreated":"2021-05-20T17:01:17+0000","status":"FINISHED","progressUpdateIntervalMs":500,"focus":true,"$$hashKey":"object:51169","dateFinished":"2021-05-20T17:01:46+0000","dateStarted":"2021-05-20T17:01:41+0000","results":{"code":"SUCCESS","msg":[{"type":"TABLE","data":"Category\tProduct\tSalesAmount\nBikes\tRoad-250 Black, 48\t691206.0\nClothing\tWomen\\'s Mountain Shorts, L\t25406.0"},{"type":"HTML","data":"<hr/>Spark Application Id: application_1621523488736_0008<br/>Spark WebUI: <a href=\"http://hn1-hdibpc.azhjkvldhjduvd2qp4tphmpqfg.bx.internal.cloudapp.net:8088/proxy/application_1621523488736_0008/\">http://hn1-hdibpc.azhjkvldhjduvd2qp4tphmpqfg.bx.internal.cloudapp.net:8088/proxy/application_1621523488736_0008/</a>"}]}},{"text":"%md\n### Window Function Examples\n","user":"anonymous","dateUpdated":"2021-05-20T17:02:08+0000","config":{"colWidth":12,"fontSize":9,"enabled":true,"results":{},"editorSetting":{"language":"markdown","editOnDblClick":true,"completionKey":"TAB","completionSupport":false},"editorMode":"ace/mode/markdown","editorHide":true,"tableHide":false},"settings":{"params":{},"forms":{}},"apps":[],"jobName":"paragraph_1621530101004_-1860605682","id":"20210520-170141_1304189693","dateCreated":"2021-05-20T17:01:41+0000","status":"FINISHED","progressUpdateIntervalMs":500,"focus":true,"$$hashKey":"object:51498","dateFinished":"2021-05-20T17:02:08+0000","dateStarted":"2021-05-20T17:02:08+0000","results":{"code":"SUCCESS","msg":[{"type":"HTML","data":"<h3>Window Function Examples</h3>\n"}]}},{"text":"%md\n\n#### Goal:  Get results with a cumulative total for each group.\n","user":"anonymous","dateUpdated":"2021-05-20T17:02:27+0000","config":{"colWidth":12,"fontSize":9,"enabled":true,"results":{},"editorSetting":{"language":"markdown","editOnDblClick":true,"completionKey":"TAB","completionSupport":false},"editorMode":"ace/mode/markdown","editorHide":true,"tableHide":false},"settings":{"params":{},"forms":{}},"apps":[],"jobName":"paragraph_1621530128080_-1448744031","id":"20210520-170208_1338259576","dateCreated":"2021-05-20T17:02:08+0000","status":"FINISHED","progressUpdateIntervalMs":500,"focus":true,"$$hashKey":"object:51881","dateFinished":"2021-05-20T17:02:27+0000","dateStarted":"2021-05-20T17:02:27+0000","results":{"code":"SUCCESS","msg":[{"type":"HTML","data":"<h4>Goal:  Get results with a cumulative total for each group.</h4>\n"}]}},{"text":"%sql\n\nSELECT SalesYear, SalesMonth, TotalSales, Sum(TotalSales) \n  OVER ( PARTITION BY (SalesYear) ORDER BY SalesMonth ROWS BETWEEN unbounded preceding AND CURRENT ROW ) cumsum\nFROM v_salessummary\nWHERE SalesYear > 2010","user":"anonymous","dateUpdated":"2021-05-20T17:03:08+0000","config":{"colWidth":12,"fontSize":9,"enabled":true,"results":{"0":{"graph":{"mode":"table","height":204,"optionOpen":false,"setting":{"table":{"tableGridState":{},"tableColumnTypeState":{"names":{"SalesYear":"string","SalesMonth":"string","TotalSales":"string","cumsum":"string"},"updated":false},"tableOptionSpecHash":"[{\"name\":\"useFilter\",\"valueType\":\"boolean\",\"defaultValue\":false,\"widget\":\"checkbox\",\"description\":\"Enable filter for columns\"},{\"name\":\"showPagination\",\"valueType\":\"boolean\",\"defaultValue\":false,\"widget\":\"checkbox\",\"description\":\"Enable pagination for better navigation\"},{\"name\":\"showAggregationFooter\",\"valueType\":\"boolean\",\"defaultValue\":false,\"widget\":\"checkbox\",\"description\":\"Enable a footer for displaying aggregated values\"}]","tableOptionValue":{"useFilter":false,"showPagination":false,"showAggregationFooter":false},"updated":false,"initialized":false}},"commonSetting":{}}}},"editorSetting":{"language":"scala","editOnDblClick":false,"completionKey":"TAB","completionSupport":true},"editorMode":"ace/mode/scala"},"settings":{"params":{},"forms":{}},"apps":[],"jobName":"paragraph_1621530147014_592449617","id":"20210520-170227_1959785860","dateCreated":"2021-05-20T17:02:27+0000","status":"FINISHED","progressUpdateIntervalMs":500,"focus":true,"$$hashKey":"object:51972","dateFinished":"2021-05-20T17:02:54+0000","dateStarted":"2021-05-20T17:02:48+0000","results":{"code":"SUCCESS","msg":[{"type":"TABLE","data":"SalesYear\tSalesMonth\tTotalSales\tcumsum\n2013\t1\t857690.0\t857690.0\n2013\t2\t771349.0\t1629039.0\n2013\t3\t1049907.0\t2678946.0\n2013\t4\t1046023.0\t3724969.0\n2013\t5\t1284593.0\t5009562.0\n2013\t6\t1643178.0\t6652740.0\n2013\t7\t1371676.0\t8024416.0\n2013\t8\t1551066.0\t9575482.0\n2013\t9\t1447496.0\t1.1022978E7\n2013\t10\t1673293.0\t1.2696271E7\n2013\t11\t1780920.0\t1.4477191E7\n2013\t12\t1874360.0\t1.6351551E7\n2014\t1\t45695.0\t45695.0\n2012\t1\t495364.0\t495364.0\n2012\t2\t506994.0\t1002358.0\n2012\t3\t373483.0\t1375841.0\n2012\t4\t400336.0\t1776177.0\n2012\t5\t358878.0\t2135055.0\n2012\t6\t555160.0\t2690215.0\n2012\t7\t444558.0\t3134773.0\n2012\t8\t523917.0\t3658690.0\n2012\t9\t486177.0\t4144867.0\n2012\t10\t535159.0\t4680026.0\n2012\t11\t537956.0\t5217982.0\n2012\t12\t624502.0\t5842484.0\n2011\t1\t469824.0\t469824.0\n2011\t2\t466335.0\t936159.0\n2011\t3\t485199.0\t1421358.0\n2011\t4\t502074.0\t1923432.0\n2011\t5\t561681.0\t2485113.0\n2011\t6\t737840.0\t3222953.0\n2011\t7\t596747.0\t3819700.0\n2011\t8\t614558.0\t4434258.0\n2011\t9\t603083.0\t5037341.0\n2011\t10\t708208.0\t5745549.0\n2011\t11\t660546.0\t6406095.0\n2011\t12\t669432.0\t7075527.0"},{"type":"HTML","data":"<hr/>Spark Application Id: application_1621523488736_0008<br/>Spark WebUI: <a href=\"http://hn1-hdibpc.azhjkvldhjduvd2qp4tphmpqfg.bx.internal.cloudapp.net:8088/proxy/application_1621523488736_0008/\">http://hn1-hdibpc.azhjkvldhjduvd2qp4tphmpqfg.bx.internal.cloudapp.net:8088/proxy/application_1621523488736_0008/</a>"}]}},{"text":"%md\n\n#### Goal:  Get results with a cumulative average for 1 row before and 1 row after the current row.\n","user":"anonymous","dateUpdated":"2021-05-20T17:03:20+0000","config":{"colWidth":12,"fontSize":9,"enabled":true,"results":{},"editorSetting":{"language":"markdown","editOnDblClick":true,"completionKey":"TAB","completionSupport":false},"editorMode":"ace/mode/markdown","editorHide":true,"tableHide":false},"settings":{"params":{},"forms":{}},"apps":[],"jobName":"paragraph_1621530168452_90699948","id":"20210520-170248_508468410","dateCreated":"2021-05-20T17:02:48+0000","status":"FINISHED","progressUpdateIntervalMs":500,"focus":true,"$$hashKey":"object:52067","dateFinished":"2021-05-20T17:03:20+0000","dateStarted":"2021-05-20T17:03:20+0000","results":{"code":"SUCCESS","msg":[{"type":"HTML","data":"<h4>Goal:  Get results with a cumulative average for 1 row before and 1 row after the current row.</h4>\n"}]}},{"text":"%sql\n\nSELECT SalesYear, SalesMonth, AVG(SalesMonth)  \n  OVER ( ORDER BY SalesMonth ROWS BETWEEN 1 PRECEDING AND 1 FOLLOWING ) rollingavg\nFROM v_salessummary\nWHERE SalesYear = 2011\n","user":"anonymous","dateUpdated":"2021-05-20T17:04:12+0000","config":{"colWidth":12,"fontSize":9,"enabled":true,"results":{"0":{"graph":{"mode":"table","height":184,"optionOpen":false,"setting":{"table":{"tableGridState":{},"tableColumnTypeState":{"names":{"SalesYear":"string","SalesMonth":"string","rollingavg":"string"},"updated":false},"tableOptionSpecHash":"[{\"name\":\"useFilter\",\"valueType\":\"boolean\",\"defaultValue\":false,\"widget\":\"checkbox\",\"description\":\"Enable filter for columns\"},{\"name\":\"showPagination\",\"valueType\":\"boolean\",\"defaultValue\":false,\"widget\":\"checkbox\",\"description\":\"Enable pagination for better navigation\"},{\"name\":\"showAggregationFooter\",\"valueType\":\"boolean\",\"defaultValue\":false,\"widget\":\"checkbox\",\"description\":\"Enable a footer for displaying aggregated values\"}]","tableOptionValue":{"useFilter":false,"showPagination":false,"showAggregationFooter":false},"updated":false,"initialized":false}},"commonSetting":{}}}},"editorSetting":{"language":"sql","editOnDblClick":false,"completionKey":"TAB","completionSupport":true},"editorMode":"ace/mode/sql"},"settings":{"params":{},"forms":{}},"apps":[],"jobName":"paragraph_1621530200902_-1521566898","id":"20210520-170320_1455147130","dateCreated":"2021-05-20T17:03:20+0000","status":"FINISHED","progressUpdateIntervalMs":500,"focus":true,"$$hashKey":"object:52744","dateFinished":"2021-05-20T17:04:06+0000","dateStarted":"2021-05-20T17:04:02+0000","results":{"code":"SUCCESS","msg":[{"type":"TABLE","data":"SalesYear\tSalesMonth\trollingavg\n2011\t1\t1.5\n2011\t2\t2.0\n2011\t3\t3.0\n2011\t4\t4.0\n2011\t5\t5.0\n2011\t6\t6.0\n2011\t7\t7.0\n2011\t8\t8.0\n2011\t9\t9.0\n2011\t10\t10.0\n2011\t11\t11.0\n2011\t12\t11.5"},{"type":"HTML","data":"<hr/>Spark Application Id: application_1621523488736_0008<br/>Spark WebUI: <a href=\"http://hn1-hdibpc.azhjkvldhjduvd2qp4tphmpqfg.bx.internal.cloudapp.net:8088/proxy/application_1621523488736_0008/\">http://hn1-hdibpc.azhjkvldhjduvd2qp4tphmpqfg.bx.internal.cloudapp.net:8088/proxy/application_1621523488736_0008/</a>"}]}},{"text":"%md\r\n#### Goal: Get the top 2 selling products by product category.","user":"anonymous","dateUpdated":"2021-05-20T17:04:39+0000","config":{"colWidth":12,"fontSize":9,"enabled":true,"results":{},"editorSetting":{"language":"markdown","editOnDblClick":true,"completionKey":"TAB","completionSupport":false},"editorMode":"ace/mode/markdown","editorHide":true,"tableHide":false},"settings":{"params":{},"forms":{}},"apps":[],"jobName":"paragraph_1621530242314_1463892256","id":"20210520-170402_1523376813","dateCreated":"2021-05-20T17:04:02+0000","status":"FINISHED","progressUpdateIntervalMs":500,"focus":true,"$$hashKey":"object:52848","dateFinished":"2021-05-20T17:04:39+0000","dateStarted":"2021-05-20T17:04:39+0000","results":{"code":"SUCCESS","msg":[{"type":"HTML","data":"<h4>Goal: Get the top 2 selling products by product category.</h4>\n"}]}},{"text":"%sql\n\nSELECT\n  Category,\n  Product,\n  SalesAmount,\n  rank\nFROM (\n  SELECT\n    Category,\n    Product,\n    SalesAmount,\n    dense_rank() OVER (PARTITION BY Category ORDER BY SalesAmount DESC) as rank\n  FROM v_productcatalog) \nWHERE\n  rank <= 2\n","user":"anonymous","dateUpdated":"2021-05-20T17:05:19+0000","config":{"colWidth":12,"fontSize":9,"enabled":true,"results":{"0":{"graph":{"mode":"table","height":224,"optionOpen":false,"setting":{"table":{"tableGridState":{},"tableColumnTypeState":{"names":{"Category":"string","Product":"string","SalesAmount":"string","rank":"string"},"updated":false},"tableOptionSpecHash":"[{\"name\":\"useFilter\",\"valueType\":\"boolean\",\"defaultValue\":false,\"widget\":\"checkbox\",\"description\":\"Enable filter for columns\"},{\"name\":\"showPagination\",\"valueType\":\"boolean\",\"defaultValue\":false,\"widget\":\"checkbox\",\"description\":\"Enable pagination for better navigation\"},{\"name\":\"showAggregationFooter\",\"valueType\":\"boolean\",\"defaultValue\":false,\"widget\":\"checkbox\",\"description\":\"Enable a footer for displaying aggregated values\"}]","tableOptionValue":{"useFilter":false,"showPagination":false,"showAggregationFooter":false},"updated":false,"initialized":false}},"commonSetting":{}}}},"editorSetting":{"language":"sql","editOnDblClick":false,"completionKey":"TAB","completionSupport":true},"editorMode":"ace/mode/sql"},"settings":{"params":{},"forms":{}},"apps":[],"jobName":"paragraph_1621530279561_-174286041","id":"20210520-170439_1342568199","dateCreated":"2021-05-20T17:04:39+0000","status":"FINISHED","progressUpdateIntervalMs":500,"focus":true,"$$hashKey":"object:53634","dateFinished":"2021-05-20T17:05:14+0000","dateStarted":"2021-05-20T17:05:09+0000","results":{"code":"SUCCESS","msg":[{"type":"TABLE","data":"Category\tProduct\tSalesAmount\trank\nBikes\tMountain-200 Black, 46\t1373470.0\t1\nBikes\tMountain-200 Black, 42\t1363142.0\t2\nClothing\tWomen\\'s Mountain Shorts, L\t25406.0\t1\nClothing\tWomen\\'s Mountain Shorts, M\t24636.0\t2\nAccessories\tSport-100 Helmet, Red\t78028.0\t1\nAccessories\tSport-100 Helmet, Blue\t74354.0\t2"},{"type":"HTML","data":"<hr/>Spark Application Id: application_1621523488736_0008<br/>Spark WebUI: <a href=\"http://hn1-hdibpc.azhjkvldhjduvd2qp4tphmpqfg.bx.internal.cloudapp.net:8088/proxy/application_1621523488736_0008/\">http://hn1-hdibpc.azhjkvldhjduvd2qp4tphmpqfg.bx.internal.cloudapp.net:8088/proxy/application_1621523488736_0008/</a>"}]}},{"text":"%md\n#### Same query simplified with Common Table Expressions (CTE's)\n","user":"anonymous","dateUpdated":"2021-05-20T17:05:54+0000","config":{"colWidth":12,"fontSize":9,"enabled":true,"results":{},"editorSetting":{"language":"markdown","editOnDblClick":true,"completionKey":"TAB","completionSupport":false},"editorMode":"ace/mode/markdown","editorHide":true,"tableHide":false},"settings":{"params":{},"forms":{}},"apps":[],"jobName":"paragraph_1621530309092_1595117760","id":"20210520-170509_647804541","dateCreated":"2021-05-20T17:05:09+0000","status":"FINISHED","progressUpdateIntervalMs":500,"focus":true,"$$hashKey":"object:53726","dateFinished":"2021-05-20T17:05:54+0000","dateStarted":"2021-05-20T17:05:54+0000","results":{"code":"SUCCESS","msg":[{"type":"HTML","data":"<h4>Same query simplified with Common Table Expressions (CTE's)</h4>\n"}]}},{"text":"%sql\n\nwith cte_window_data \n(\n SELECT Category, Product, SalesAmount,\n    dense_rank() OVER (PARTITION BY Category ORDER BY SalesAmount DESC) as rank\n FROM v_productcatalog  \n)\n\nSELECT\n  Category,\n  Product,\n  SalesAmount,\n  rank\nFROM cte_window_data \nWHERE\n  rank <= 2\n","user":"anonymous","dateUpdated":"2021-05-20T17:06:40+0000","config":{"colWidth":12,"fontSize":9,"enabled":true,"results":{"0":{"graph":{"mode":"table","height":224,"optionOpen":false,"setting":{"table":{"tableGridState":{},"tableColumnTypeState":{"names":{"Category":"string","Product":"string","SalesAmount":"string","rank":"string"},"updated":false},"tableOptionSpecHash":"[{\"name\":\"useFilter\",\"valueType\":\"boolean\",\"defaultValue\":false,\"widget\":\"checkbox\",\"description\":\"Enable filter for columns\"},{\"name\":\"showPagination\",\"valueType\":\"boolean\",\"defaultValue\":false,\"widget\":\"checkbox\",\"description\":\"Enable pagination for better navigation\"},{\"name\":\"showAggregationFooter\",\"valueType\":\"boolean\",\"defaultValue\":false,\"widget\":\"checkbox\",\"description\":\"Enable a footer for displaying aggregated values\"}]","tableOptionValue":{"useFilter":false,"showPagination":false,"showAggregationFooter":false},"updated":false,"initialized":false}},"commonSetting":{}}}},"editorSetting":{"language":"sql","editOnDblClick":false,"completionKey":"TAB","completionSupport":true},"editorMode":"ace/mode/sql"},"settings":{"params":{},"forms":{}},"apps":[],"jobName":"paragraph_1621530354946_-479947995","id":"20210520-170554_865647250","dateCreated":"2021-05-20T17:05:54+0000","status":"FINISHED","progressUpdateIntervalMs":500,"focus":true,"$$hashKey":"object:54484","dateFinished":"2021-05-20T17:06:20+0000","dateStarted":"2021-05-20T17:06:16+0000","results":{"code":"SUCCESS","msg":[{"type":"TABLE","data":"Category\tProduct\tSalesAmount\trank\nBikes\tMountain-200 Black, 46\t1373470.0\t1\nBikes\tMountain-200 Black, 42\t1363142.0\t2\nClothing\tWomen\\'s Mountain Shorts, L\t25406.0\t1\nClothing\tWomen\\'s Mountain Shorts, M\t24636.0\t2\nAccessories\tSport-100 Helmet, Red\t78028.0\t1\nAccessories\tSport-100 Helmet, Blue\t74354.0\t2"},{"type":"HTML","data":"<hr/>Spark Application Id: application_1621523488736_0008<br/>Spark WebUI: <a href=\"http://hn1-hdibpc.azhjkvldhjduvd2qp4tphmpqfg.bx.internal.cloudapp.net:8088/proxy/application_1621523488736_0008/\">http://hn1-hdibpc.azhjkvldhjduvd2qp4tphmpqfg.bx.internal.cloudapp.net:8088/proxy/application_1621523488736_0008/</a>"}]}},{"text":"%md\n#### Goal: Get the lowest and highest SalesAmount for each customer displayed next to each sale for the customer.\n","user":"anonymous","dateUpdated":"2021-05-20T17:06:46+0000","config":{"colWidth":12,"fontSize":9,"enabled":true,"results":{},"editorSetting":{"language":"markdown","editOnDblClick":true,"completionKey":"TAB","completionSupport":false},"editorMode":"ace/mode/markdown","editorHide":true,"tableHide":false},"settings":{"params":{},"forms":{}},"apps":[],"jobName":"paragraph_1621530376842_-806304704","id":"20210520-170616_1693972349","dateCreated":"2021-05-20T17:06:16+0000","status":"FINISHED","progressUpdateIntervalMs":500,"focus":true,"$$hashKey":"object:54568","dateFinished":"2021-05-20T17:06:46+0000","dateStarted":"2021-05-20T17:06:46+0000","results":{"code":"SUCCESS","msg":[{"type":"HTML","data":"<h4>Goal: Get the lowest and highest SalesAmount for each customer displayed next to each sale for the customer.</h4>\n"}]}},{"text":"%sql\n\nSELECT CustomerKey, YEAR(OrderDate) as OrderYear, SalesAmount, \n       MIN(SalesAmount) OVER (PARTITION BY CustomerKey) AS min, \n       MAX(SalesAmount) OVER (PARTITION BY CustomerKey) AS max  \nFROM factinternetsales  \nORDER BY CustomerKey, SalesAmount\n","user":"anonymous","dateUpdated":"2021-05-20T17:07:16+0000","config":{"colWidth":12,"fontSize":9,"enabled":true,"results":{"0":{"graph":{"mode":"table","height":224,"optionOpen":false,"setting":{"table":{"tableGridState":{},"tableColumnTypeState":{"names":{"CustomerKey":"string","OrderYear":"string","SalesAmount":"string","min":"string","max":"string"},"updated":false},"tableOptionSpecHash":"[{\"name\":\"useFilter\",\"valueType\":\"boolean\",\"defaultValue\":false,\"widget\":\"checkbox\",\"description\":\"Enable filter for columns\"},{\"name\":\"showPagination\",\"valueType\":\"boolean\",\"defaultValue\":false,\"widget\":\"checkbox\",\"description\":\"Enable pagination for better navigation\"},{\"name\":\"showAggregationFooter\",\"valueType\":\"boolean\",\"defaultValue\":false,\"widget\":\"checkbox\",\"description\":\"Enable a footer for displaying aggregated values\"}]","tableOptionValue":{"useFilter":false,"showPagination":false,"showAggregationFooter":false},"updated":false,"initialized":false}},"commonSetting":{}}}},"editorSetting":{"language":"markdown","editOnDblClick":true,"completionKey":"TAB","completionSupport":false},"editorMode":"ace/mode/markdown","editorHide":false,"tableHide":false},"settings":{"params":{},"forms":{}},"apps":[],"jobName":"paragraph_1621530406117_1497689913","id":"20210520-170646_1790778164","dateCreated":"2021-05-20T17:06:46+0000","status":"FINISHED","progressUpdateIntervalMs":500,"focus":true,"$$hashKey":"object:55307","dateFinished":"2021-05-20T17:07:06+0000","dateStarted":"2021-05-20T17:07:02+0000","results":{"code":"SUCCESS","msg":[{"type":"TABLE","data":"CustomerKey\tOrderYear\tSalesAmount\tmin\tmax\n11000\t2013\t4.99\t4.99\t3399.99\n11000\t2013\t21.98\t4.99\t3399.99\n11000\t2013\t28.99\t4.99\t3399.99\n11000\t2013\t34.99\t4.99\t3399.99\n11000\t2013\t53.99\t4.99\t3399.99\n11000\t2013\t2319.99\t4.99\t3399.99\n11000\t2013\t2384.07\t4.99\t3399.99\n11000\t2011\t3399.99\t4.99\t3399.99\n11001\t2013\t4.99\t4.99\t3374.99\n11001\t2013\t4.99\t4.99\t3374.99\n11001\t2013\t8.99\t4.99\t3374.99\n11001\t2013\t8.99\t4.99\t3374.99\n11001\t2013\t9.99\t4.99\t3374.99\n11001\t2013\t21.98\t4.99\t3374.99\n11001\t2013\t34.99\t4.99\t3374.99\n11001\t2013\t53.99\t4.99\t3374.99\n11001\t2013\t539.99\t4.99\t3374.99\n11001\t2013\t2319.99\t4.99\t3374.99\n11001\t2011\t3374.99\t4.99\t3374.99\n11002\t2013\t34.99\t34.99\t3399.99\n11002\t2012\t2294.99\t34.99\t3399.99\n11002\t2013\t2384.07\t34.99\t3399.99\n11002\t2011\t3399.99\t34.99\t3399.99\n11003\t2013\t2.29\t2.29\t3399.99\n11003\t2013\t4.99\t2.29\t3399.99\n11003\t2013\t4.99\t2.29\t3399.99\n11003\t2013\t8.99\t2.29\t3399.99\n11003\t2013\t9.99\t2.29\t3399.99\n11003\t2013\t28.99\t2.29\t3399.99\n11003\t2013\t2294.99\t2.29\t3399.99\n11003\t2013\t2384.07\t2.29\t3399.99\n11003\t2010\t3399.99\t2.29\t3399.99\n11004\t2013\t21.98\t21.98\t3399.99\n11004\t2013\t34.99\t21.98\t3399.99\n11004\t2013\t34.99\t21.98\t3399.99\n11004\t2013\t2319.99\t21.98\t3399.99\n11004\t2013\t2384.07\t21.98\t3399.99\n11004\t2011\t3399.99\t21.98\t3399.99\n11005\t2013\t2.29\t2.29\t3374.99\n11005\t2013\t4.99\t2.29\t3374.99\n11005\t2013\t35.0\t2.29\t3374.99\n11005\t2013\t2319.99\t2.29\t3374.99\n11005\t2013\t2384.07\t2.29\t3374.99\n11005\t2010\t3374.99\t2.29\t3374.99\n11006\t2012\t4.99\t4.99\t3399.99\n11006\t2012\t9.99\t4.99\t3399.99\n11006\t2012\t2319.99\t4.99\t3399.99\n11006\t2013\t2384.07\t4.99\t3399.99\n11006\t2011\t3399.99\t4.99\t3399.99\n11007\t2013\t4.99\t4.99\t3399.99\n11007\t2013\t21.98\t4.99\t3399.99\n11007\t2013\t34.99\t4.99\t3399.99\n11007\t2013\t34.99\t4.99\t3399.99\n11007\t2013\t35.0\t4.99\t3399.99\n11007\t2013\t2294.99\t4.99\t3399.99\n11007\t2013\t2384.07\t4.99\t3399.99\n11007\t2011\t3399.99\t4.99\t3399.99\n11008\t2013\t2.29\t2.29\t3374.99\n11008\t2013\t4.99\t2.29\t3374.99\n11008\t2013\t9.99\t2.29\t3374.99\n11008\t2013\t34.99\t2.29\t3374.99\n11008\t2013\t2294.99\t2.29\t3374.99\n11008\t2013\t2384.07\t2.29\t3374.99\n11008\t2011\t3374.99\t2.29\t3374.99\n11009\t2013\t2.29\t2.29\t3374.99\n11009\t2013\t34.99\t2.29\t3374.99\n11009\t2013\t2294.99\t2.29\t3374.99\n11009\t2013\t2384.07\t2.29\t3374.99\n11009\t2011\t3374.99\t2.29\t3374.99\n11010\t2013\t8.99\t8.99\t3399.99\n11010\t2013\t2294.99\t8.99\t3399.99\n11010\t2013\t2384.07\t8.99\t3399.99\n11010\t2011\t3399.99\t8.99\t3399.99\n11011\t2013\t53.99\t53.99\t3399.99\n11011\t2013\t2294.99\t53.99\t3399.99\n11011\t2013\t2384.07\t53.99\t3399.99\n11011\t2010\t3399.99\t53.99\t3399.99\n11012\t2013\t2.29\t2.29\t35.0\n11012\t2013\t3.99\t2.29\t35.0\n11012\t2013\t4.99\t2.29\t35.0\n11012\t2013\t34.99\t2.29\t35.0\n11012\t2013\t35.0\t2.29\t35.0\n11013\t2013\t3.99\t3.99\t35.0\n11013\t2014\t4.99\t3.99\t35.0\n11013\t2014\t34.99\t3.99\t35.0\n11013\t2013\t34.99\t3.99\t35.0\n11013\t2014\t35.0\t3.99\t35.0\n11014\t2013\t3.99\t3.99\t35.0\n11014\t2013\t4.99\t3.99\t35.0\n11014\t2013\t24.49\t3.99\t35.0\n11014\t2013\t34.99\t3.99\t35.0\n11014\t2013\t34.99\t3.99\t35.0\n11014\t2013\t35.0\t3.99\t35.0\n11015\t2013\t21.98\t21.98\t2319.99\n11015\t2013\t159.0\t21.98\t2319.99\n11015\t2013\t2319.99\t21.98\t2319.99\n11016\t2013\t2.29\t2.29\t2294.99\n11016\t2013\t35.0\t2.29\t2294.99\n11016\t2013\t2294.99\t2.29\t2294.99\n11017\t2013\t21.98\t21.98\t3374.99\n11017\t2013\t742.35\t21.98\t3374.99\n11017\t2013\t2294.99\t21.98\t3374.99\n11017\t2011\t3374.99\t21.98\t3374.99\n11018\t2013\t4.99\t4.99\t3399.99\n11018\t2013\t8.99\t4.99\t3399.99\n11018\t2013\t21.98\t4.99\t3399.99\n11018\t2013\t34.99\t4.99\t3399.99\n11018\t2013\t742.35\t4.99\t3399.99\n11018\t2013\t2319.99\t4.99\t3399.99\n11018\t2011\t3399.99\t4.99\t3399.99\n11019\t2013\t2.29\t2.29\t120.0\n11019\t2013\t2.29\t2.29\t120.0\n11019\t2013\t2.29\t2.29\t120.0\n11019\t2013\t2.29\t2.29\t120.0\n11019\t2013\t2.29\t2.29\t120.0\n11019\t2013\t3.99\t2.29\t120.0\n11019\t2013\t3.99\t2.29\t120.0\n11019\t2013\t3.99\t2.29\t120.0\n11019\t2013\t4.99\t2.29\t120.0\n11019\t2014\t4.99\t2.29\t120.0\n11019\t2013\t4.99\t2.29\t120.0\n11019\t2013\t4.99\t2.29\t120.0\n11019\t2013\t8.99\t2.29\t120.0\n11019\t2013\t8.99\t2.29\t120.0\n11019\t2013\t8.99\t2.29\t120.0\n11019\t2013\t21.49\t2.29\t120.0\n11019\t2013\t24.49\t2.29\t120.0\n11019\t2014\t24.49\t2.29\t120.0\n11019\t2013\t24.99\t2.29\t120.0\n11019\t2013\t24.99\t2.29\t120.0\n11019\t2013\t24.99\t2.29\t120.0\n11019\t2013\t28.99\t2.29\t120.0\n11019\t2013\t29.99\t2.29\t120.0\n11019\t2013\t34.99\t2.29\t120.0\n11019\t2014\t34.99\t2.29\t120.0\n11019\t2013\t34.99\t2.29\t120.0\n11019\t2013\t35.0\t2.29\t120.0\n11019\t2013\t49.99\t2.29\t120.0\n11019\t2013\t53.99\t2.29\t120.0\n11019\t2013\t53.99\t2.29\t120.0\n11019\t2013\t69.99\t2.29\t120.0\n11019\t2014\t120.0\t2.29\t120.0\n11019\t2013\t120.0\t2.29\t120.0\n11020\t2012\t21.98\t21.98\t2294.99\n11020\t2012\t2294.99\t21.98\t2294.99\n11021\t2013\t21.98\t21.98\t2294.99\n11021\t2013\t54.99\t21.98\t2294.99\n11021\t2013\t2294.99\t21.98\t2294.99\n11022\t2013\t2.29\t2.29\t2319.99\n11022\t2013\t2319.99\t2.29\t2319.99\n11023\t2014\t2.29\t2.29\t53.99\n11023\t2014\t3.99\t2.29\t53.99\n11023\t2013\t4.99\t2.29\t53.99\n11023\t2013\t21.98\t2.29\t53.99\n11023\t2013\t35.0\t2.29\t53.99\n11023\t2013\t53.99\t2.29\t53.99\n11024\t2013\t2.29\t2.29\t35.0\n11024\t2013\t2.29\t2.29\t35.0\n11024\t2013\t3.99\t2.29\t35.0\n11024\t2013\t4.99\t2.29\t35.0\n11024\t2013\t7.95\t2.29\t35.0\n11024\t2013\t35.0\t2.29\t35.0\n11025\t2013\t21.98\t21.98\t3374.99\n11025\t2013\t53.99\t21.98\t3374.99\n11025\t2013\t63.5\t21.98\t3374.99\n11025\t2013\t742.35\t21.98\t3374.99\n11025\t2013\t2319.99\t21.98\t3374.99\n11025\t2011\t3374.99\t21.98\t3374.99\n11026\t2013\t4.99\t4.99\t3399.99\n11026\t2013\t24.49\t4.99\t3399.99\n11026\t2013\t28.99\t4.99\t3399.99\n11026\t2013\t54.99\t4.99\t3399.99\n11026\t2013\t742.35\t4.99\t3399.99\n11026\t2013\t2319.99\t4.99\t3399.99\n11026\t2011\t3399.99\t4.99\t3399.99\n11027\t2013\t2.29\t2.29\t3399.99\n11027\t2013\t4.99\t2.29\t3399.99\n11027\t2013\t8.99\t2.29\t3399.99\n11027\t2013\t28.99\t2.29\t3399.99\n11027\t2013\t53.99\t2.29\t3399.99\n11027\t2013\t54.99\t2.29\t3399.99\n11027\t2013\t742.35\t2.29\t3399.99\n11027\t2013\t2294.99\t2.29\t3399.99\n11027\t2011\t3399.99\t2.29\t3399.99\n11028\t2013\t2.29\t2.29\t3374.99\n11028\t2013\t35.0\t2.29\t3374.99\n11028\t2013\t742.35\t2.29\t3374.99\n11028\t2013\t2319.99\t2.29\t3374.99\n11028\t2011\t3374.99\t2.29\t3374.99\n11029\t2013\t4.99\t4.99\t3399.99\n11029\t2013\t8.99\t4.99\t3399.99\n11029\t2013\t34.99\t4.99\t3399.99\n11029\t2013\t53.99\t4.99\t3399.99\n11029\t2013\t742.35\t4.99\t3399.99\n11029\t2013\t2319.99\t4.99\t3399.99\n11029\t2011\t3399.99\t4.99\t3399.99\n11030\t2013\t8.99\t8.99\t3399.99\n11030\t2013\t742.35\t8.99\t3399.99\n11030\t2013\t2319.99\t8.99\t3399.99\n11030\t2011\t3399.99\t8.99\t3399.99\n11031\t2013\t2.29\t2.29\t3399.99\n11031\t2013\t4.99\t2.29\t3399.99\n11031\t2013\t8.99\t2.29\t3399.99\n11031\t2013\t742.35\t2.29\t3399.99\n11031\t2013\t2319.99\t2.29\t3399.99\n11031\t2011\t3399.99\t2.29\t3399.99\n11032\t2013\t2.29\t2.29\t3374.99\n11032\t2013\t4.99\t2.29\t3374.99\n11032\t2013\t4.99\t2.29\t3374.99\n11032\t2013\t8.99\t2.29\t3374.99\n11032\t2013\t9.99\t2.29\t3374.99\n11032\t2013\t21.98\t2.29\t3374.99\n11032\t2013\t35.0\t2.29\t3374.99\n11032\t2013\t742.35\t2.29\t3374.99\n11032\t2013\t2319.99\t2.29\t3374.99\n11032\t2011\t3374.99\t2.29\t3374.99\n11033\t2013\t4.99\t4.99\t3374.99\n11033\t2013\t8.99\t4.99\t3374.99\n11033\t2013\t8.99\t4.99\t3374.99\n11033\t2013\t34.99\t4.99\t3374.99\n11033\t2013\t742.35\t4.99\t3374.99\n11033\t2013\t2319.99\t4.99\t3374.99\n11033\t2011\t3374.99\t4.99\t3374.99\n11034\t2013\t53.99\t53.99\t3399.99\n11034\t2013\t742.35\t53.99\t3399.99\n11034\t2013\t2294.99\t53.99\t3399.99\n11034\t2011\t3399.99\t53.99\t3399.99\n11035\t2013\t4.99\t4.99\t3374.99\n11035\t2013\t8.99\t4.99\t3374.99\n11035\t2013\t742.35\t4.99\t3374.99\n11035\t2013\t2319.99\t4.99\t3374.99\n11035\t2011\t3374.99\t4.99\t3374.99\n11036\t2013\t34.99\t34.99\t2319.99\n11036\t2013\t2319.99\t34.99\t2319.99\n11037\t2013\t2.29\t2.29\t2294.99\n11037\t2013\t4.99\t2.29\t2294.99\n11037\t2013\t4.99\t2.29\t2294.99\n11037\t2013\t9.99\t2.29\t2294.99\n11037\t2013\t21.98\t2.29\t2294.99\n11037\t2013\t35.0\t2.29\t2294.99\n11037\t2013\t2294.99\t2.29\t2294.99\n11038\t2013\t742.35\t742.35\t3374.99\n11038\t2013\t2319.99\t742.35\t3374.99\n11038\t2011\t3374.99\t742.35\t3374.99\n11039\t2013\t2.29\t2.29\t3399.99\n11039\t2013\t4.99\t2.29\t3399.99\n11039\t2013\t8.99\t2.29\t3399.99\n11039\t2013\t8.99\t2.29\t3399.99\n11039\t2013\t28.99\t2.29\t3399.99\n11039\t2013\t120.0\t2.29\t3399.99\n11039\t2013\t742.35\t2.29\t3399.99\n11039\t2013\t2319.99\t2.29\t3399.99\n11039\t2011\t3399.99\t2.29\t3399.99\n11040\t2013\t8.99\t8.99\t2319.99\n11040\t2013\t21.98\t8.99\t2319.99\n11040\t2013\t2319.99\t8.99\t2319.99\n11041\t2013\t21.98\t21.98\t2294.99\n11041\t2013\t63.5\t21.98\t2294.99\n11041\t2013\t2294.99\t21.98\t2294.99\n11042\t2013\t49.99\t49.99\t2319.99\n11042\t2013\t742.35\t49.99\t2319.99\n11042\t2013\t2319.99\t49.99\t2319.99\n11043\t2013\t3.99\t3.99\t35.0\n11043\t2013\t8.99\t3.99\t35.0\n11043\t2013\t35.0\t3.99\t35.0\n11044\t2013\t4.99\t4.99\t3374.99\n11044\t2013\t8.99\t4.99\t3374.99\n11044\t2013\t35.0\t4.99\t3374.99\n11044\t2013\t53.99\t4.99\t3374.99\n11044\t2013\t742.35\t4.99\t3374.99\n11044\t2013\t2294.99\t4.99\t3374.99\n11044\t2011\t3374.99\t4.99\t3374.99\n11045\t2013\t4.99\t4.99\t49.99\n11045\t2013\t24.99\t4.99\t49.99\n11045\t2013\t34.99\t4.99\t49.99\n11045\t2013\t49.99\t4.99\t49.99\n11046\t2013\t24.49\t24.49\t3374.99\n11046\t2013\t34.99\t24.49\t3374.99\n11046\t2013\t120.0\t24.49\t3374.99\n11046\t2013\t742.35\t24.49\t3374.99\n11046\t2013\t2319.99\t24.49\t3374.99\n11046\t2011\t3374.99\t24.49\t3374.99\n11047\t2013\t120.0\t120.0\t3399.99\n11047\t2013\t742.35\t120.0\t3399.99\n11047\t2013\t2319.99\t120.0\t3399.99\n11047\t2011\t3399.99\t120.0\t3399.99\n11048\t2013\t4.99\t4.99\t3374.99\n11048\t2013\t7.95\t4.99\t3374.99\n11048\t2013\t8.99\t4.99\t3374.99\n11048\t2013\t9.99\t4.99\t3374.99\n11048\t2013\t53.99\t4.99\t3374.99\n11048\t2013\t742.35\t4.99\t3374.99\n11048\t2013\t2294.99\t4.99\t3374.99\n11048\t2011\t3374.99\t4.99\t3374.99\n11049\t2013\t2.29\t2.29\t35.0\n11049\t2013\t3.99\t2.29\t35.0\n11049\t2013\t4.99\t2.29\t35.0\n11049\t2013\t34.99\t2.29\t35.0\n11049\t2013\t35.0\t2.29\t35.0\n11050\t2013\t21.98\t21.98\t3374.99\n11050\t2013\t34.99\t21.98\t3374.99\n11050\t2013\t63.5\t21.98\t3374.99\n11050\t2013\t742.35\t21.98\t3374.99\n11050\t2013\t769.49\t21.98\t3374.99\n11050\t2011\t3374.99\t21.98\t3374.99\n11051\t2014\t4.99\t4.99\t49.99\n11051\t2013\t8.99\t4.99\t49.99\n11051\t2014\t24.99\t4.99\t49.99\n11051\t2014\t34.99\t4.99\t49.99\n11051\t2013\t49.99\t4.99\t49.99\n11052\t2013\t2.29\t2.29\t3374.99\n11052\t2013\t4.99\t2.29\t3374.99\n11052\t2013\t34.99\t2.29\t3374.99\n11052\t2013\t35.0\t2.29\t3374.99\n11052\t2013\t2294.99\t2.29\t3374.99\n11052\t2013\t2384.07\t2.29\t3374.99\n11052\t2011\t3374.99\t2.29\t3374.99\n11053\t2013\t34.99\t34.99\t2294.99\n11053\t2013\t2294.99\t34.99\t2294.99\n11054\t2013\t34.99\t34.99\t3399.99\n11054\t2013\t53.99\t34.99\t3399.99\n11054\t2013\t54.99\t34.99\t3399.99\n11054\t2013\t2294.99\t34.99\t3399.99\n11054\t2013\t2384.07\t34.99\t3399.99\n11054\t2011\t3399.99\t34.99\t3399.99\n11055\t2013\t4.99\t4.99\t3374.99\n11055\t2013\t4.99\t4.99\t3374.99\n11055\t2013\t8.99\t4.99\t3374.99\n11055\t2013\t34.99\t4.99\t3374.99\n11055\t2013\t35.0\t4.99\t3374.99\n11055\t2013\t2319.99\t4.99\t3374.99\n11055\t2013\t2384.07\t4.99\t3374.99\n11055\t2011\t3374.99\t4.99\t3374.99\n11056\t2013\t4.99\t4.99\t3374.99\n11056\t2013\t9.99\t4.99\t3374.99\n11056\t2013\t24.49\t4.99\t3374.99\n11056\t2013\t34.99\t4.99\t3374.99\n11056\t2013\t53.99\t4.99\t3374.99\n11056\t2013\t2319.99\t4.99\t3374.99\n11056\t2013\t2384.07\t4.99\t3374.99\n11056\t2011\t3374.99\t4.99\t3374.99\n11057\t2013\t8.99\t8.99\t3374.99\n11057\t2013\t2319.99\t8.99\t3374.99\n11057\t2013\t2384.07\t8.99\t3374.99\n11057\t2011\t3374.99\t8.99\t3374.99\n11058\t2013\t34.99\t34.99\t3399.99\n11058\t2013\t53.99\t34.99\t3399.99\n11058\t2013\t54.99\t34.99\t3399.99\n11058\t2013\t2319.99\t34.99\t3399.99\n11058\t2013\t2384.07\t34.99\t3399.99\n11058\t2011\t3399.99\t34.99\t3399.99\n11059\t2013\t4.99\t4.99\t53.99\n11059\t2013\t4.99\t4.99\t53.99\n11059\t2013\t8.99\t4.99\t53.99\n11059\t2013\t8.99\t4.99\t53.99\n11059\t2013\t9.99\t4.99\t53.99\n11059\t2013\t24.99\t4.99\t53.99\n11059\t2013\t53.99\t4.99\t53.99\n11060\t2013\t4.99\t4.99\t3399.99\n11060\t2013\t8.99\t4.99\t3399.99\n11060\t2013\t34.99\t4.99\t3399.99\n11060\t2013\t2319.99\t4.99\t3399.99\n11060\t2013\t2384.07\t4.99\t3399.99\n11060\t2011\t3399.99\t4.99\t3399.99\n11061\t2012\t4.99\t4.99\t3374.99\n11061\t2012\t9.99\t4.99\t3374.99\n11061\t2012\t34.99\t4.99\t3374.99\n11061\t2012\t2319.99\t4.99\t3374.99\n11061\t2013\t2384.07\t4.99\t3374.99\n11061\t2011\t3374.99\t4.99\t3374.99\n11062\t2013\t21.98\t21.98\t2294.99\n11062\t2013\t34.99\t21.98\t2294.99\n11062\t2013\t2294.99\t21.98\t2294.99\n11063\t2013\t4.99\t4.99\t2294.99\n11063\t2013\t8.99\t4.99\t2294.99\n11063\t2013\t9.99\t4.99\t2294.99\n11063\t2013\t53.99\t4.99\t2294.99\n11063\t2013\t2294.99\t4.99\t2294.99\n11064\t2013\t9.99\t9.99\t2294.99\n11064\t2013\t2294.99\t9.99\t2294.99\n11065\t2013\t2.29\t2.29\t159.0\n11065\t2014\t2.29\t2.29\t159.0\n11065\t2014\t3.99\t2.29\t159.0\n11065\t2013\t35.0\t2.29\t159.0\n11065\t2013\t159.0\t2.29\t159.0\n11066\t2013\t2.29\t2.29\t35.0\n11066\t2013\t3.99\t2.29\t35.0\n11066\t2013\t4.99\t2.29\t35.0\n11066\t2013\t34.99\t2.29\t35.0\n11066\t2013\t35.0\t2.29\t35.0\n11067\t2013\t2.29\t2.29\t35.0\n11067\t2013\t3.99\t2.29\t35.0\n11067\t2014\t4.99\t2.29\t35.0\n11067\t2014\t24.49\t2.29\t35.0\n11067\t2014\t34.99\t2.29\t35.0\n11067\t2014\t35.0\t2.29\t35.0\n11068\t2013\t4.99\t4.99\t24.99\n11068\t2013\t4.99\t4.99\t24.99\n11068\t2013\t4.99\t4.99\t24.99\n11068\t2013\t7.95\t4.99\t24.99\n11068\t2013\t8.99\t4.99\t24.99\n11068\t2013\t9.99\t4.99\t24.99\n11068\t2013\t21.98\t4.99\t24.99\n11068\t2013\t24.49\t4.99\t24.99\n11068\t2013\t24.99\t4.99\t24.99\n11069\t2013\t2319.99\t2319.99\t3399.99\n11069\t2013\t2384.07\t2319.99\t3399.99\n11069\t2011\t3399.99\t2319.99\t3399.99\n11070\t2013\t2.29\t2.29\t3399.99\n11070\t2013\t2.29\t2.29\t3399.99\n11070\t2013\t4.99\t2.29\t3399.99\n11070\t2013\t4.99\t2.29\t3399.99\n11070\t2013\t7.95\t2.29\t3399.99\n11070\t2013\t28.99\t2.29\t3399.99\n11070\t2013\t35.0\t2.29\t3399.99\n11070\t2013\t2294.99\t2.29\t3399.99\n11070\t2013\t2384.07\t2.29\t3399.99\n11070\t2011\t3399.99\t2.29\t3399.99\n11071\t2013\t2.29\t2.29\t53.99\n11071\t2013\t4.99\t2.29\t53.99\n11071\t2013\t4.99\t2.29\t53.99\n11071\t2013\t8.99\t2.29\t53.99\n11071\t2013\t9.99\t2.29\t53.99\n11071\t2013\t24.99\t2.29\t53.99\n11071\t2013\t53.99\t2.29\t53.99\n11072\t2013\t4.99\t4.99\t3399.99\n11072\t2013\t8.99\t4.99\t3399.99\n11072\t2013\t21.98\t4.99\t3399.99\n11072\t2013\t53.99\t4.99\t3399.99\n11072\t2013\t2319.99\t4.99\t3399.99\n11072\t2013\t2384.07\t4.99\t3399.99\n11072\t2011\t3399.99\t4.99\t3399.99\n11073\t2013\t4.99\t4.99\t53.99\n11073\t2013\t4.99\t4.99\t53.99\n11073\t2013\t4.99\t4.99\t53.99\n11073\t2013\t8.99\t4.99\t53.99\n11073\t2013\t8.99\t4.99\t53.99\n11073\t2013\t9.99\t4.99\t53.99\n11073\t2013\t24.99\t4.99\t53.99\n11073\t2013\t34.99\t4.99\t53.99\n11073\t2013\t34.99\t4.99\t53.99\n11073\t2013\t53.99\t4.99\t53.99\n11074\t2013\t2.29\t2.29\t34.99\n11074\t2013\t4.99\t2.29\t34.99\n11074\t2013\t7.95\t2.29\t34.99\n11074\t2013\t8.99\t2.29\t34.99\n11074\t2013\t9.99\t2.29\t34.99\n11074\t2013\t24.99\t2.29\t34.99\n11074\t2013\t34.99\t2.29\t34.99\n11075\t2013\t4.99\t4.99\t3374.99\n11075\t2013\t8.99\t4.99\t3374.99\n11075\t2013\t2294.99\t4.99\t3374.99\n11075\t2013\t2384.07\t4.99\t3374.99\n11075\t2011\t3374.99\t4.99\t3374.99\n11076\t2012\t54.99\t54.99\t3399.99\n11076\t2012\t2319.99\t54.99\t3399.99\n11076\t2013\t2384.07\t54.99\t3399.99\n11076\t2011\t3399.99\t54.99\t3399.99\n11077\t2013\t34.99\t34.99\t3374.99\n11077\t2013\t54.99\t34.99\t3374.99\n11077\t2013\t2319.99\t34.99\t3374.99\n11077\t2013\t2384.07\t34.99\t3374.99\n11077\t2011\t3374.99\t34.99\t3374.99\n11078\t2013\t2.29\t2.29\t159.0\n11078\t2013\t2.29\t2.29\t159.0\n11078\t2013\t3.99\t2.29\t159.0\n11078\t2013\t3.99\t2.29\t159.0\n11078\t2013\t4.99\t2.29\t159.0\n11078\t2013\t4.99\t2.29\t159.0\n11078\t2013\t4.99\t2.29\t159.0\n11078\t2013\t4.99\t2.29\t159.0\n11078\t2013\t4.99\t2.29\t159.0\n11078\t2013\t4.99\t2.29\t159.0\n11078\t2013\t7.95\t2.29\t159.0\n11078\t2013\t8.99\t2.29\t159.0\n11078\t2013\t8.99\t2.29\t159.0\n11078\t2013\t21.49\t2.29\t159.0\n11078\t2013\t21.98\t2.29\t159.0\n11078\t2013\t24.49\t2.29\t159.0\n11078\t2013\t24.99\t2.29\t159.0\n11078\t2013\t24.99\t2.29\t159.0\n11078\t2013\t24.99\t2.29\t159.0\n11078\t2013\t28.99\t2.29\t159.0\n11078\t2013\t29.99\t2.29\t159.0\n11078\t2013\t34.99\t2.29\t159.0\n11078\t2013\t34.99\t2.29\t159.0\n11078\t2013\t34.99\t2.29\t159.0\n11078\t2013\t35.0\t2.29\t159.0\n11078\t2013\t49.99\t2.29\t159.0\n11078\t2013\t49.99\t2.29\t159.0\n11078\t2013\t53.99\t2.29\t159.0\n11078\t2013\t69.99\t2.29\t159.0\n11078\t2014\t120.0\t2.29\t159.0\n11078\t2013\t159.0\t2.29\t159.0\n11079\t2013\t4.99\t4.99\t24.99\n11079\t2013\t8.99\t4.99\t24.99\n11079\t2013\t8.99\t4.99\t24.99\n11079\t2013\t9.99\t4.99\t24.99\n11079\t2014\t24.99\t4.99\t24.99\n11080\t2013\t4.99\t4.99\t3374.99\n11080\t2013\t34.99\t4.99\t3374.99\n11080\t2013\t35.0\t4.99\t3374.99\n11080\t2013\t49.99\t4.99\t3374.99\n11080\t2013\t2319.99\t4.99\t3374.99\n11080\t2013\t2384.07\t4.99\t3374.99\n11080\t2011\t3374.99\t4.99\t3374.99\n11081\t2013\t2.29\t2.29\t53.99\n11081\t2013\t3.99\t2.29\t53.99\n11081\t2013\t8.99\t2.29\t53.99\n11081\t2013\t35.0\t2.29\t53.99\n11081\t2013\t53.99\t2.29\t53.99\n11082\t2013\t4.99\t4.99\t2294.99\n11082\t2013\t8.99\t4.99\t2294.99\n11082\t2013\t24.49\t4.99\t2294.99\n11082\t2013\t35.0\t4.99\t2294.99\n11082\t2013\t742.35\t4.99\t2294.99\n11082\t2013\t2294.99\t4.99\t2294.99\n11083\t2013\t4.99\t4.99\t2319.99\n11083\t2013\t34.99\t4.99\t2319.99\n11083\t2013\t35.0\t4.99\t2319.99\n11083\t2013\t742.35\t4.99\t2319.99\n11083\t2013\t2319.99\t4.99\t2319.99\n11084\t2013\t2.29\t2.29\t2319.99\n11084\t2013\t4.99\t2.29\t2319.99\n11084\t2013\t8.99\t2.29\t2319.99\n11084\t2013\t742.35\t2.29\t2319.99\n11084\t2013\t2319.99\t2.29\t2319.99\n11085\t2014\t3.99\t3.99\t49.99\n11085\t2013\t4.99\t3.99\t49.99\n11085\t2013\t34.99\t3.99\t49.99\n11085\t2013\t35.0\t3.99\t49.99\n11085\t2014\t49.99\t3.99\t49.99\n11086\t2013\t3.99\t3.99\t49.99\n11086\t2013\t4.99\t3.99\t49.99\n11086\t2013\t24.49\t3.99\t49.99\n11086\t2013\t34.99\t3.99\t49.99\n11086\t2013\t35.0\t3.99\t49.99\n11086\t2013\t49.99\t3.99\t49.99\n11087\t2013\t2.29\t2.29\t159.0\n11087\t2013\t3.99\t2.29\t159.0\n11087\t2013\t35.0\t2.29\t159.0\n11087\t2013\t159.0\t2.29\t159.0\n11088\t2013\t4.99\t4.99\t2319.99\n11088\t2013\t8.99\t4.99\t2319.99\n11088\t2013\t21.98\t4.99\t2319.99\n11088\t2013\t24.49\t4.99\t2319.99\n11088\t2013\t53.99\t4.99\t2319.99\n11088\t2013\t742.35\t4.99\t2319.99\n11088\t2013\t2319.99\t4.99\t2319.99\n11089\t2013\t8.99\t8.99\t2294.99\n11089\t2012\t21.98\t8.99\t2294.99\n11089\t2013\t34.99\t8.99\t2294.99\n11089\t2012\t34.99\t8.99\t2294.99\n11089\t2013\t49.99\t8.99\t2294.99\n11089\t2013\t742.35\t8.99\t2294.99\n11089\t2012\t2294.99\t8.99\t2294.99\n11090\t2013\t8.99\t8.99\t3578.27\n11090\t2013\t24.49\t8.99\t3578.27\n11090\t2013\t54.99\t8.99\t3578.27\n11090\t2013\t742.35\t8.99\t3578.27\n11090\t2013\t2294.99\t8.99\t3578.27\n11090\t2011\t3578.27\t8.99\t3578.27\n11091\t2013\t2.29\t2.29\t120.0\n11091\t2013\t2.29\t2.29\t120.0\n11091\t2013\t2.29\t2.29\t120.0\n11091\t2013\t2.29\t2.29\t120.0\n11091\t2013\t2.29\t2.29\t120.0\n11091\t2013\t2.29\t2.29\t120.0\n11091\t2013\t2.29\t2.29\t120.0\n11091\t2013\t2.29\t2.29\t120.0\n11091\t2013\t2.29\t2.29\t120.0\n11091\t2013\t2.29\t2.29\t120.0\n11091\t2013\t3.99\t2.29\t120.0\n11091\t2013\t3.99\t2.29\t120.0\n11091\t2014\t3.99\t2.29\t120.0\n11091\t2013\t3.99\t2.29\t120.0\n11091\t2013\t3.99\t2.29\t120.0\n11091\t2013\t3.99\t2.29\t120.0\n11091\t2013\t3.99\t2.29\t120.0\n11091\t2013\t3.99\t2.29\t120.0\n11091\t2013\t4.99\t2.29\t120.0\n11091\t2013\t4.99\t2.29\t120.0\n11091\t2013\t4.99\t2.29\t120.0\n11091\t2013\t4.99\t2.29\t120.0\n11091\t2013\t4.99\t2.29\t120.0\n11091\t2013\t4.99\t2.29\t120.0\n11091\t2013\t4.99\t2.29\t120.0\n11091\t2013\t4.99\t2.29\t120.0\n11091\t2013\t4.99\t2.29\t120.0\n11091\t2013\t7.95\t2.29\t120.0\n11091\t2013\t8.99\t2.29\t120.0\n11091\t2013\t8.99\t2.29\t120.0\n11091\t2013\t21.49\t2.29\t120.0\n11091\t2013\t21.49\t2.29\t120.0\n11091\t2013\t24.49\t2.29\t120.0\n11091\t2013\t24.49\t2.29\t120.0\n11091\t2013\t24.49\t2.29\t120.0\n11091\t2013\t24.99\t2.29\t120.0\n11091\t2013\t24.99\t2.29\t120.0\n11091\t2013\t24.99\t2.29\t120.0\n11091\t2013\t24.99\t2.29\t120.0\n11091\t2014\t24.99\t2.29\t120.0\n11091\t2013\t24.99\t2.29\t120.0\n11091\t2013\t28.99\t2.29\t120.0\n11091\t2013\t29.99\t2.29\t120.0\n11091\t2013\t32.6\t2.29\t120.0\n11091\t2013\t32.6\t2.29\t120.0\n11091\t2013\t32.6\t2.29\t120.0\n11091\t2013\t32.6\t2.29\t120.0\n11091\t2013\t34.99\t2.29\t120.0\n11091\t2013\t34.99\t2.29\t120.0\n11091\t2013\t34.99\t2.29\t120.0\n11091\t2013\t34.99\t2.29\t120.0\n11091\t2014\t34.99\t2.29\t120.0\n11091\t2013\t35.0\t2.29\t120.0\n11091\t2013\t49.99\t2.29\t120.0\n11091\t2013\t49.99\t2.29\t120.0\n11091\t2013\t53.99\t2.29\t120.0\n11091\t2013\t53.99\t2.29\t120.0\n11091\t2013\t69.99\t2.29\t120.0\n11091\t2013\t120.0\t2.29\t120.0\n11092\t2013\t8.99\t8.99\t3374.99\n11092\t2013\t21.98\t8.99\t3374.99\n11092\t2013\t2319.99\t8.99\t3374.99\n11092\t2013\t2384.07\t8.99\t3374.99\n11092\t2011\t3374.99\t8.99\t3374.99\n11093\t2013\t8.99\t8.99\t3399.99\n11093\t2013\t21.98\t8.99\t3399.99\n11093\t2013\t34.99\t8.99\t3399.99\n11093\t2013\t34.99\t8.99\t3399.99\n11093\t2013\t2294.99\t8.99\t3399.99\n11093\t2013\t2384.07\t8.99\t3399.99\n11093\t2011\t3399.99\t8.99\t3399.99\n11094\t2013\t4.99\t4.99\t120.0\n11094\t2014\t4.99\t4.99\t120.0\n11094\t2013\t7.95\t4.99\t120.0\n11094\t2014\t8.99\t4.99\t120.0\n11094\t2014\t9.99\t4.99\t120.0\n11094\t2013\t24.99\t4.99\t120.0\n11094\t2014\t53.99\t4.99\t120.0\n11094\t2013\t120.0\t4.99\t120.0\n11095\t2013\t4.99\t4.99\t3374.99\n11095\t2013\t9.99\t4.99\t3374.99\n11095\t2013\t34.99\t4.99\t3374.99\n11095\t2013\t53.99\t4.99\t3374.99\n11095\t2013\t2294.99\t4.99\t3374.99\n11095\t2013\t2384.07\t4.99\t3374.99\n11095\t2011\t3374.99\t4.99\t3374.99\n11096\t2013\t8.99\t8.99\t3374.99\n11096\t2013\t2294.99\t8.99\t3374.99\n11096\t2013\t2384.07\t8.99\t3374.99\n11096\t2011\t3374.99\t8.99\t3374.99\n11097\t2013\t9.99\t9.99\t3374.99\n11097\t2013\t34.99\t9.99\t3374.99\n11097\t2013\t2294.99\t9.99\t3374.99\n11097\t2013\t2384.07\t9.99\t3374.99\n11097\t2011\t3374.99\t9.99\t3374.99\n11098\t2013\t4.99\t4.99\t53.99\n11098\t2013\t4.99\t4.99\t53.99\n11098\t2013\t24.99\t4.99\t53.99\n11098\t2013\t53.99\t4.99\t53.99\n11099\t2013\t4.99\t4.99\t3399.99\n11099\t2013\t4.99\t4.99\t3399.99\n11099\t2013\t8.99\t4.99\t3399.99\n11099\t2013\t9.99\t4.99\t3399.99\n11099\t2013\t53.99\t4.99\t3399.99\n11099\t2013\t53.99\t4.99\t3399.99\n11099\t2013\t2294.99\t4.99\t3399.99\n11099\t2013\t2384.07\t4.99\t3399.99\n11099\t2011\t3399.99\t4.99\t3399.99\n11100\t2013\t4.99\t4.99\t3374.99\n11100\t2013\t8.99\t4.99\t3374.99\n11100\t2013\t24.49\t4.99\t3374.99\n11100\t2013\t54.99\t4.99\t3374.99\n11100\t2013\t2319.99\t4.99\t3374.99\n11100\t2013\t2384.07\t4.99\t3374.99\n11100\t2011\t3374.99\t4.99\t3374.99\n11101\t2013\t4.99\t4.99\t3399.99\n11101\t2013\t8.99\t4.99\t3399.99\n11101\t2013\t24.49\t4.99\t3399.99\n11101\t2013\t120.0\t4.99\t3399.99\n11101\t2013\t2319.99\t4.99\t3399.99\n11101\t2013\t2384.07\t4.99\t3399.99\n11101\t2011\t3399.99\t4.99\t3399.99\n11102\t2013\t4.99\t4.99\t54.99\n11102\t2013\t7.95\t4.99\t54.99\n11102\t2013\t9.99\t4.99\t54.99\n11102\t2013\t24.99\t4.99\t54.99\n11102\t2013\t54.99\t4.99\t54.99\n11103\t2013\t4.99\t4.99\t3374.99\n11103\t2013\t9.99\t4.99\t3374.99\n11103\t2013\t24.49\t4.99\t3374.99\n11103\t2013\t34.99\t4.99\t3374.99\n11103\t2013\t53.99\t4.99\t3374.99\n11103\t2013\t2294.99\t4.99\t3374.99\n11103\t2013\t2384.07\t4.99\t3374.99\n11103\t2011\t3374.99\t4.99\t3374.99\n11104\t2013\t4.99\t4.99\t3399.99\n11104\t2013\t35.0\t4.99\t3399.99\n11104\t2013\t53.99\t4.99\t3399.99\n11104\t2013\t2294.99\t4.99\t3399.99\n11104\t2013\t2384.07\t4.99\t3399.99\n11104\t2011\t3399.99\t4.99\t3399.99\n11105\t2013\t7.95\t7.95\t3399.99\n11105\t2013\t8.99\t7.95\t3399.99\n11105\t2012\t2294.99\t7.95\t3399.99\n11105\t2013\t2384.07\t7.95\t3399.99\n11105\t2011\t3399.99\t7.95\t3399.99\n11106\t2012\t2294.99\t2294.99\t3399.99\n11106\t2013\t2384.07\t2294.99\t3399.99\n11106\t2011\t3399.99\t2294.99\t3399.99\n11107\t2013\t21.98\t21.98\t3374.99\n11107\t2013\t34.99\t21.98\t3374.99\n11107\t2013\t34.99\t21.98\t3374.99\n11107\t2013\t2319.99\t21.98\t3374.99\n11107\t2013\t2384.07\t21.98\t3374.99\n11107\t2011\t3374.99\t21.98\t3374.99\n11108\t2013\t34.99\t34.99\t3374.99\n11108\t2012\t35.0\t34.99\t3374.99\n11108\t2012\t2294.99\t34.99\t3374.99\n11108\t2013\t2384.07\t34.99\t3374.99\n11108\t2011\t3374.99\t34.99\t3374.99\n11109\t2013\t4.99\t4.99\t3374.99\n11109\t2013\t8.99\t4.99\t3374.99\n11109\t2013\t21.98\t4.99\t3374.99\n11109\t2013\t35.0\t4.99\t3374.99\n11109\t2013\t120.0\t4.99\t3374.99\n11109\t2013\t2294.99\t4.99\t3374.99\n11109\t2013\t2384.07\t4.99\t3374.99\n11109\t2011\t3374.99\t4.99\t3374.99\n11110\t2013\t4.99\t4.99\t3399.99\n11110\t2013\t8.99\t4.99\t3399.99\n11110\t2013\t2294.99\t4.99\t3399.99\n11110\t2013\t2384.07\t4.99\t3399.99\n11110\t2011\t3399.99\t4.99\t3399.99\n11111\t2013\t4.99\t4.99\t3399.99\n11111\t2013\t4.99\t4.99\t3399.99\n11111\t2013\t8.99\t4.99\t3399.99\n11111\t2013\t9.99\t4.99\t3399.99\n11111\t2013\t28.99\t4.99\t3399.99\n11111\t2013\t2294.99\t4.99\t3399.99\n11111\t2013\t2384.07\t4.99\t3399.99\n11111\t2011\t3399.99\t4.99\t3399.99\n11112\t2013\t21.98\t21.98\t3374.99\n11112\t2013\t34.99\t21.98\t3374.99\n11112\t2013\t159.0\t21.98\t3374.99\n11112\t2013\t2319.99\t21.98\t3374.99\n11112\t2013\t2384.07\t21.98\t3374.99\n11112\t2011\t3374.99\t21.98\t3374.99\n11113\t2013\t4.99\t4.99\t34.99\n11113\t2013\t4.99\t4.99\t34.99\n11113\t2013\t7.95\t4.99\t34.99\n11113\t2013\t9.99\t4.99\t34.99\n11113\t2013\t21.98\t4.99\t34.99\n11113\t2013\t24.99\t4.99\t34.99\n11113\t2013\t34.99\t4.99\t34.99\n11114\t2013\t4.99\t4.99\t34.99\n11114\t2013\t4.99\t4.99\t34.99\n11114\t2013\t7.95\t4.99\t34.99\n11114\t2013\t9.99\t4.99\t34.99\n11114\t2013\t24.99\t4.99\t34.99\n11114\t2013\t34.99\t4.99\t34.99\n11114\t2013\t34.99\t4.99\t34.99\n11115\t2013\t2.29\t2.29\t63.5\n11115\t2014\t4.99\t2.29\t63.5\n11115\t2013\t7.95\t2.29\t63.5\n11115\t2014\t9.99\t2.29\t63.5\n11115\t2013\t24.99\t2.29\t63.5\n11115\t2014\t63.5\t2.29\t63.5\n11116\t2013\t2.29\t2.29\t63.5\n11116\t2013\t4.99\t2.29\t63.5\n11116\t2013\t7.95\t2.29\t63.5\n11116\t2013\t9.99\t2.29\t63.5\n11116\t2013\t24.99\t2.29\t63.5\n11116\t2013\t34.99\t2.29\t63.5\n11116\t2013\t63.5\t2.29\t63.5\n11117\t2012\t4.99\t4.99\t3399.99\n11117\t2012\t8.99\t4.99\t3399.99\n11117\t2012\t9.99\t4.99\t3399.99\n11117\t2012\t21.98\t4.99\t3399.99\n11117\t2013\t34.99\t4.99\t3399.99\n11117\t2012\t2319.99\t4.99\t3399.99\n11117\t2013\t2384.07\t4.99\t3399.99\n11117\t2011\t3399.99\t4.99\t3399.99\n11118\t2013\t4.99\t4.99\t54.99\n11118\t2013\t4.99\t4.99\t54.99\n11118\t2013\t7.95\t4.99\t54.99\n11118\t2014\t7.95\t4.99\t54.99\n11118\t2013\t7.95\t4.99\t54.99\n11118\t2013\t9.99\t4.99\t54.99\n11118\t2013\t24.99\t4.99\t54.99\n11118\t2013\t54.99\t4.99\t54.99\n11119\t2013\t2.29\t2.29\t49.99\n11119\t2013\t7.95\t2.29\t49.99\n11119\t2013\t24.99\t2.29\t49.99\n11119\t2013\t49.99\t2.29\t49.99\n11120\t2013\t4.99\t4.99\t3374.99\n11120\t2013\t4.99\t4.99\t3374.99\n11120\t2013\t24.49\t4.99\t3374.99\n11120\t2013\t28.99\t4.99\t3374.99\n11120\t2013\t34.99\t4.99\t3374.99\n11120\t2013\t35.0\t4.99\t3374.99\n11120\t2013\t54.99\t4.99\t3374.99\n11120\t2013\t2294.99\t4.99\t3374.99\n11120\t2013\t2384.07\t4.99\t3374.99\n11120\t2011\t3374.99\t4.99\t3374.99\n11121\t2013\t2.29\t2.29\t24.99\n11121\t2013\t4.99\t2.29\t24.99\n11121\t2013\t7.95\t2.29\t24.99\n11121\t2013\t7.95\t2.29\t24.99\n11121\t2013\t9.99\t2.29\t24.99\n11121\t2013\t24.99\t2.29\t24.99\n11122\t2013\t7.95\t7.95\t24.99\n11122\t2013\t9.99\t7.95\t24.99\n11122\t2013\t24.99\t7.95\t24.99\n11123\t2014\t4.99\t4.99\t53.99\n11123\t2013\t4.99\t4.99\t53.99\n11123\t2013\t7.95\t4.99\t53.99\n11123\t2013\t7.95\t4.99\t53.99\n11123\t2014\t9.99\t4.99\t53.99\n11123\t2013\t24.99\t4.99\t53.99\n11123\t2014\t34.99\t4.99\t53.99\n11123\t2014\t53.99\t4.99\t53.99\n11124\t2013\t4.99\t4.99\t3399.99\n11124\t2013\t9.99\t4.99\t3399.99\n11124\t2013\t34.99\t4.99\t3399.99\n11124\t2013\t2294.99\t4.99\t3399.99\n11124\t2013\t2384.07\t4.99\t3399.99\n11124\t2011\t3399.99\t4.99\t3399.99\n11125\t2013\t2.29\t2.29\t24.99\n11125\t2013\t4.99\t2.29\t24.99\n11125\t2013\t4.99\t2.29\t24.99\n11125\t2013\t7.95\t2.29\t24.99\n11125\t2013\t9.99\t2.29\t24.99\n11125\t2013\t24.49\t2.29\t24.99\n11125\t2013\t24.99\t2.29\t24.99\n11126\t2013\t2.29\t2.29\t3399.99\n11126\t2013\t2.29\t2.29\t3399.99\n11126\t2013\t4.99\t2.29\t3399.99\n11126\t2013\t21.98\t2.29\t3399.99\n11126\t2013\t28.99\t2.29\t3399.99\n11126\t2013\t742.35\t2.29\t3399.99\n11126\t2013\t769.49\t2.29\t3399.99\n11126\t2011\t3399.99\t2.29\t3399.99\n11127\t2013\t3.99\t3.99\t35.0\n11127\t2013\t4.99\t3.99\t35.0\n11127\t2013\t35.0\t3.99\t35.0\n11128\t2013\t3.99\t3.99\t49.99\n11128\t2013\t4.99\t3.99\t49.99\n11128\t2013\t4.99\t3.99\t49.99\n11128\t2013\t9.99\t3.99\t49.99\n11128\t2013\t34.99\t3.99\t49.99\n11128\t2013\t35.0\t3.99\t49.99\n11128\t2013\t49.99\t3.99\t49.99\n11129\t2013\t2294.99\t2294.99\t3578.27\n11129\t2011\t3578.27\t2294.99\t3578.27\n11130\t2013\t2.29\t2.29\t35.0\n11130\t2013\t35.0\t2.29\t35.0\n11131\t2013\t4.99\t4.99\t49.99\n11131\t2013\t4.99\t4.99\t49.99\n11131\t2013\t4.99\t4.99\t49.99\n11131\t2013\t8.99\t4.99\t49.99\n11131\t2013\t9.99\t4.99\t49.99\n11131\t2013\t21.98\t4.99\t49.99\n11131\t2013\t24.99\t4.99\t49.99\n11131\t2013\t35.0\t4.99\t49.99\n11131\t2014\t49.99\t4.99\t49.99\n11132\t2013\t4.99\t4.99\t2294.99\n11132\t2013\t4.99\t4.99\t2294.99\n11132\t2013\t9.99\t4.99\t2294.99\n11132\t2013\t21.98\t4.99\t2294.99\n11132\t2013\t35.0\t4.99\t2294.99\n11132\t2013\t2294.99\t4.99\t2294.99\n11133\t2013\t4.99\t4.99\t35.0\n11133\t2013\t9.99\t4.99\t35.0\n11133\t2013\t21.98\t4.99\t35.0\n11133\t2013\t35.0\t4.99\t35.0\n11134\t2013\t742.35\t742.35\t3399.99\n11134\t2013\t769.49\t742.35\t3399.99\n11134\t2011\t3399.99\t742.35\t3399.99\n11135\t2013\t4.99\t4.99\t2319.99\n11135\t2013\t9.99\t4.99\t2319.99\n11135\t2013\t2319.99\t4.99\t2319.99\n11136\t2013\t21.98\t21.98\t2294.99\n11136\t2013\t63.5\t21.98\t2294.99\n11136\t2013\t2294.99\t21.98\t2294.99\n11137\t2013\t2.29\t2.29\t159.0\n11137\t2014\t2.29\t2.29\t159.0\n11137\t2014\t3.99\t2.29\t159.0\n11137\t2013\t35.0\t2.29\t159.0\n11137\t2013\t159.0\t2.29\t159.0\n11138\t2013\t3.99\t3.99\t35.0\n11138\t2013\t4.99\t3.99\t35.0\n11138\t2013\t34.99\t3.99\t35.0\n11138\t2013\t35.0\t3.99\t35.0\n11139\t2013\t8.99\t8.99\t49.99\n11139\t2013\t24.99\t8.99\t49.99\n11139\t2013\t49.99\t8.99\t49.99\n11140\t2013\t4.99\t4.99\t35.0\n11140\t2013\t35.0\t4.99\t35.0\n11141\t2013\t3.99\t3.99\t35.0\n11141\t2013\t4.99\t3.99\t35.0\n11141\t2013\t34.99\t3.99\t35.0\n11141\t2013\t34.99\t3.99\t35.0\n11141\t2013\t35.0\t3.99\t35.0\n11142\t2013\t2.29\t2.29\t120.0\n11142\t2013\t2.29\t2.29\t120.0\n11142\t2013\t3.99\t2.29\t120.0\n11142\t2013\t3.99\t2.29\t120.0\n11142\t2013\t3.99\t2.29\t120.0\n11142\t2014\t3.99\t2.29\t120.0\n11142\t2013\t4.99\t2.29\t120.0\n11142\t2013\t4.99\t2.29\t120.0\n11142\t2013\t4.99\t2.29\t120.0\n11142\t2013\t4.99\t2.29\t120.0\n11142\t2014\t4.99\t2.29\t120.0\n11142\t2013\t4.99\t2.29\t120.0\n11142\t2013\t8.99\t2.29\t120.0\n11142\t2013\t21.49\t2.29\t120.0\n11142\t2013\t24.49\t2.29\t120.0\n11142\t2013\t24.49\t2.29\t120.0\n11142\t2013\t24.49\t2.29\t120.0\n11142\t2013\t24.99\t2.29\t120.0\n11142\t2013\t24.99\t2.29\t120.0\n11142\t2013\t24.99\t2.29\t120.0\n11142\t2013\t28.99\t2.29\t120.0\n11142\t2013\t29.99\t2.29\t120.0\n11142\t2013\t34.99\t2.29\t120.0\n11142\t2014\t34.99\t2.29\t120.0\n11142\t2013\t34.99\t2.29\t120.0\n11142\t2013\t34.99\t2.29\t120.0\n11142\t2013\t34.99\t2.29\t120.0\n11142\t2013\t34.99\t2.29\t120.0\n11142\t2014\t34.99\t2.29\t120.0\n11142\t2014\t35.0\t2.29\t120.0\n11142\t2013\t49.99\t2.29\t120.0\n11142\t2013\t53.99\t2.29\t120.0\n11142\t2013\t54.99\t2.29\t120.0\n11142\t2013\t63.5\t2.29\t120.0\n11142\t2013\t69.99\t2.29\t120.0\n11142\t2013\t120.0\t2.29\t120.0\n11143\t2013\t2.29\t2.29\t35.0\n11143\t2013\t2.29\t2.29\t35.0\n11143\t2013\t3.99\t2.29\t35.0\n11143\t2013\t4.99\t2.29\t35.0\n11143\t2013\t35.0\t2.29\t35.0\n11144\t2013\t49.99\t49.99\t2294.99\n11144\t2013\t54.99\t49.99\t2294.99\n11144\t2013\t2294.99\t49.99\t2294.99\n11145\t2013\t4.99\t4.99\t2294.99\n11145\t2013\t9.99\t4.99\t2294.99\n11145\t2013\t2294.99\t4.99\t2294.99\n11146\t2013\t4.99\t4.99\t53.99\n11146\t2013\t4.99\t4.99\t53.99\n11146\t2013\t4.99\t4.99\t53.99\n11146\t2013\t8.99\t4.99\t53.99\n11146\t2013\t9.99\t4.99\t53.99\n11146\t2013\t24.99\t4.99\t53.99\n11146\t2013\t53.99\t4.99\t53.99\n11147\t2013\t21.98\t21.98\t3374.99\n11147\t2013\t24.49\t21.98\t3374.99\n11147\t2013\t34.99\t21.98\t3374.99\n11147\t2013\t34.99\t21.98\t3374.99\n11147\t2013\t2319.99\t21.98\t3374.99\n11147\t2013\t2384.07\t21.98\t3374.99\n11147\t2011\t3374.99\t21.98\t3374.99\n11148\t2013\t2.29\t2.29\t53.99\n11148\t2013\t4.99\t2.29\t53.99\n11148\t2013\t4.99\t2.29\t53.99\n11148\t2013\t24.99\t2.29\t53.99\n11148\t2013\t34.99\t2.29\t53.99\n11148\t2013\t53.99\t2.29\t53.99\n11149\t2013\t2.29\t2.29\t24.99\n11149\t2013\t4.99\t2.29\t24.99\n11149\t2013\t8.99\t2.29\t24.99\n11149\t2013\t24.99\t2.29\t24.99\n11150\t2013\t4.99\t4.99\t53.99\n11150\t2013\t4.99\t4.99\t53.99\n11150\t2013\t8.99\t4.99\t53.99\n11150\t2013\t24.49\t4.99\t53.99\n11150\t2013\t24.99\t4.99\t53.99\n11150\t2013\t34.99\t4.99\t53.99\n11150\t2013\t34.99\t4.99\t53.99\n11150\t2013\t53.99\t4.99\t53.99\n11151\t2013\t2.29\t2.29\t3374.99\n11151\t2013\t8.99\t2.29\t3374.99\n11151\t2013\t21.98\t2.29\t3374.99\n11151\t2013\t2294.99\t2.29\t3374.99\n11151\t2013\t2384.07\t2.29\t3374.99\n11151\t2011\t3374.99\t2.29\t3374.99\n11152\t2013\t2294.99\t2294.99\t2294.99\n11153\t2013\t2.29\t2.29\t63.5\n11153\t2013\t3.99\t2.29\t63.5\n11153\t2013\t4.99\t2.29\t63.5\n11153\t2013\t35.0\t2.29\t63.5\n11153\t2013\t63.5\t2.29\t63.5\n11154\t2013\t2319.99\t2319.99\t2319.99\n11155\t2013\t2319.99\t2319.99\t2319.99\n11156\t2013\t4.99\t4.99\t2294.99\n11156\t2013\t35.0\t4.99\t2294.99"},{"type":"HTML","data":"<div class=\"result-alert alert-warning\" role=\"alert\"><button type=\"button\" class=\"close\" data-dismiss=\"alert\" aria-label=\"Close\"><span aria-hidden=\"true\">&times;</span></button><strong>Output is truncated</strong> to 1000 rows. Learn more about <strong>zeppelin.livy.spark.sql.maxResult</strong></div>"},{"type":"HTML","data":"<hr/>Spark Application Id: application_1621523488736_0008<br/>Spark WebUI: <a href=\"http://hn1-hdibpc.azhjkvldhjduvd2qp4tphmpqfg.bx.internal.cloudapp.net:8088/proxy/application_1621523488736_0008/\">http://hn1-hdibpc.azhjkvldhjduvd2qp4tphmpqfg.bx.internal.cloudapp.net:8088/proxy/application_1621523488736_0008/</a>"}]}},{"text":"%md\r\n#### ntile - breaks up a set into subsets.\r\n\r\nhttps://docs.oracle.com/cd/B19306_01/server.102/b14200/functions101.htm#:~:text=NTILE%20is%20an%20analytic%20function,are%20numbered%201%20through%20expr%20.","user":"anonymous","dateUpdated":"2021-05-20T17:08:04+0000","config":{"colWidth":12,"fontSize":9,"enabled":true,"results":{},"editorSetting":{"language":"markdown","editOnDblClick":true,"completionKey":"TAB","completionSupport":false},"editorMode":"ace/mode/markdown","editorHide":true,"tableHide":false},"settings":{"params":{},"forms":{}},"apps":[],"jobName":"paragraph_1621530422096_1004542330","id":"20210520-170702_194550046","dateCreated":"2021-05-20T17:07:02+0000","status":"FINISHED","progressUpdateIntervalMs":500,"focus":true,"$$hashKey":"object:55397","dateFinished":"2021-05-20T17:08:04+0000","dateStarted":"2021-05-20T17:08:04+0000","results":{"code":"SUCCESS","msg":[{"type":"HTML","data":"<h4>ntile - breaks up a set into subsets.</h4>\n<p>https://docs.oracle.com/cd/B19306_01/server.102/b14200/functions101.htm#:~:text=NTILE%20is%20an%20analytic%20function,are%20numbered%201%20through%20expr%20.</p>\n"}]}},{"text":"%md \n#### Explanation\nhttps://docs.cloudera.com/cdp-private-cloud-base/7.1.6/impala-sql-reference/topics/impala-analytic-functions-ntile.html\n","user":"anonymous","dateUpdated":"2021-05-20T17:08:22+0000","config":{"colWidth":12,"fontSize":9,"enabled":true,"results":{},"editorSetting":{"language":"markdown","editOnDblClick":true,"completionKey":"TAB","completionSupport":false},"editorMode":"ace/mode/markdown","editorHide":true,"tableHide":false},"settings":{"params":{},"forms":{}},"apps":[],"jobName":"paragraph_1621530484667_1228257298","id":"20210520-170804_801468890","dateCreated":"2021-05-20T17:08:04+0000","status":"FINISHED","progressUpdateIntervalMs":500,"focus":true,"$$hashKey":"object:56584","dateFinished":"2021-05-20T17:08:22+0000","dateStarted":"2021-05-20T17:08:22+0000","results":{"code":"SUCCESS","msg":[{"type":"HTML","data":"<h4>Explanation</h4>\n<p>https://docs.cloudera.com/cdp-private-cloud-base/7.1.6/impala-sql-reference/topics/impala-analytic-functions-ntile.html</p>\n"}]}},{"text":"%md\r\n#### Goal: Break up the product list into 40 equally distributed subsets by value, like quartiles but for any number.","user":"anonymous","dateUpdated":"2021-05-20T17:08:42+0000","config":{"colWidth":12,"fontSize":9,"enabled":true,"results":{},"editorSetting":{"language":"markdown","editOnDblClick":true,"completionKey":"TAB","completionSupport":false},"editorMode":"ace/mode/markdown","editorHide":true,"tableHide":false},"settings":{"params":{},"forms":{}},"apps":[],"jobName":"paragraph_1621530502138_1824312274","id":"20210520-170822_1275105353","dateCreated":"2021-05-20T17:08:22+0000","status":"FINISHED","progressUpdateIntervalMs":500,"focus":true,"$$hashKey":"object:56674","dateFinished":"2021-05-20T17:08:42+0000","dateStarted":"2021-05-20T17:08:42+0000","results":{"code":"SUCCESS","msg":[{"type":"HTML","data":"<h4>Goal: Break up the product list into 40 equally distributed subsets by value, like quartiles but for any number.</h4>\n"}]}},{"text":"%sql\n\nSELECT ProductKey, EnglishProductName as Product, CAST(StandardCost as DECIMAL(10,2)) as StandardCost, ntile(40) \n      OVER(ORDER BY CAST(StandardCost as DECIMAL(10,2))) as ntile \nFROM dimproduct  \nWHERE StandardCost > 0\nORDER BY ntile, 3","user":"anonymous","dateUpdated":"2021-05-20T17:09:10+0000","config":{"colWidth":12,"fontSize":9,"enabled":true,"results":{"0":{"graph":{"mode":"table","height":300,"optionOpen":false,"setting":{"table":{"tableGridState":{},"tableColumnTypeState":{"names":{"ProductKey":"string","Product":"string","StandardCost":"string","ntile":"string"},"updated":false},"tableOptionSpecHash":"[{\"name\":\"useFilter\",\"valueType\":\"boolean\",\"defaultValue\":false,\"widget\":\"checkbox\",\"description\":\"Enable filter for columns\"},{\"name\":\"showPagination\",\"valueType\":\"boolean\",\"defaultValue\":false,\"widget\":\"checkbox\",\"description\":\"Enable pagination for better navigation\"},{\"name\":\"showAggregationFooter\",\"valueType\":\"boolean\",\"defaultValue\":false,\"widget\":\"checkbox\",\"description\":\"Enable a footer for displaying aggregated values\"}]","tableOptionValue":{"useFilter":false,"showPagination":false,"showAggregationFooter":false},"updated":false,"initialized":false}},"commonSetting":{}}}},"editorSetting":{"language":"scala","editOnDblClick":false,"completionKey":"TAB","completionSupport":true},"editorMode":"ace/mode/scala"},"settings":{"params":{},"forms":{}},"apps":[],"jobName":"paragraph_1621530522572_-207882116","id":"20210520-170842_2069960480","dateCreated":"2021-05-20T17:08:42+0000","status":"FINISHED","progressUpdateIntervalMs":500,"focus":true,"$$hashKey":"object:56772","dateFinished":"2021-05-20T17:09:03+0000","dateStarted":"2021-05-20T17:09:01+0000","results":{"code":"SUCCESS","msg":[{"type":"TABLE","data":"ProductKey\tProduct\tStandardCost\tntile\n529\tRoad Tire Tube\t1.49\t1\n477\tWater Bottle - 30 oz.\t1.87\t1\n530\tTouring Tire Tube\t1.87\t1\n528\tMountain Tire Tube\t1.87\t1\n484\tBike Wash - Dissolver\t2.97\t1\n481\tRacing Socks, M\t3.36\t1\n482\tRacing Socks, L\t3.36\t1\n479\tRoad Bottle Cage\t3.36\t1\n218\tMountain Bike Socks, M\t3.40\t1\n219\tMountain Bike Socks, L\t3.40\t1\n478\tMountain Bottle Cage\t3.74\t2\n224\tAWC Logo Cap\t5.23\t2\n223\tAWC Logo Cap\t5.71\t2\n450\tTaillights - Battery-Powered\t5.77\t2\n225\tAWC Logo Cap\t6.92\t2\n538\tLL Road Tire\t8.04\t2\n485\tFender Set - Mountain\t8.22\t2\n448\tMinipump\t8.25\t2\n559\tChain\t8.99\t2\n463\tHalf-Finger Gloves, S\t9.16\t2\n465\tHalf-Finger Gloves, M\t9.16\t3\n467\tHalf-Finger Gloves, L\t9.16\t3\n535\tLL Mountain Tire\t9.35\t3\n539\tML Road Tire\t9.35\t3\n464\tHalf-Finger Gloves, M\t9.71\t3\n462\tHalf-Finger Gloves, S\t9.71\t3\n466\tHalf-Finger Gloves, L\t9.71\t3\n447\tCable Lock\t10.31\t3\n449\tMountain Pump\t10.31\t3\n541\tTouring Tire\t10.84\t3\n536\tML Mountain Tire\t11.22\t4\n220\tSport-100 Helmet, Blue\t12.03\t4\n215\tSport-100 Helmet, Black\t12.03\t4\n212\tSport-100 Helmet, Red\t12.03\t4\n515\tLL Mountain Seat\\/Saddle\t12.04\t4\n518\tLL Road Seat\\/Saddle\t12.04\t4\n521\tLL Touring Seat\\/Saddle\t12.04\t4\n540\tHL Road Tire\t12.19\t4\n214\tSport-100 Helmet, Red\t13.09\t4\n217\tSport-100 Helmet, Black\t13.09\t4\n537\tHL Mountain Tire\t13.09\t5\n222\tSport-100 Helmet, Blue\t13.09\t5\n213\tSport-100 Helmet, Red\t13.88\t5\n216\tSport-100 Helmet, Black\t13.88\t5\n221\tSport-100 Helmet, Blue\t13.88\t5\n451\tHeadlights - Dual-Beam\t14.43\t5\n394\tLL Headset\t15.18\t5\n469\tFull-Finger Gloves, M\t15.67\t5\n468\tFull-Finger Gloves, S\t15.67\t5\n470\tFull-Finger Gloves, L\t15.67\t5\n516\tML Mountain Seat\\/Saddle\t17.38\t6\n519\tML Road Seat\\/Saddle\t17.38\t6\n522\tML Touring Seat\\/Saddle\t17.38\t6\n403\tLL Road Handlebars\t17.98\t6\n542\tLL Mountain Pedal\t17.98\t6\n545\tLL Road Pedal\t17.98\t6\n397\tLL Mountain Handlebars\t17.98\t6\n452\tHeadlights - Weatherproof\t18.56\t6\n398\tLL Mountain Handlebars\t19.78\t6\n404\tLL Road Handlebars\t19.78\t6\n553\tLL Touring Handlebars\t20.46\t7\n487\tHydration Pack - 70 oz.\t20.57\t7\n523\tHL Touring Seat\\/Saddle\t23.37\t7\n520\tHL Road Seat\\/Saddle\t23.37\t7\n517\tHL Mountain Seat\\/Saddle\t23.37\t7\n471\tClassic Vest, S\t23.75\t7\n472\tClassic Vest, M\t23.75\t7\n473\tClassic Vest, L\t23.75\t7\n601\tLL Bottom Bracket\t23.97\t7\n445\tMen\\'s Sports Shorts, S\t24.75\t7\n455\tMen\\'s Sports Shorts, XL\t24.75\t8\n454\tMen\\'s Sports Shorts, L\t24.75\t8\n453\tMen\\'s Sports Shorts, M\t24.75\t8\n399\tML Mountain Handlebars\t24.99\t8\n405\tML Road Handlebars\t24.99\t8\n475\tWomen\\'s Mountain Shorts, M\t26.18\t8\n476\tWomen\\'s Mountain Shorts, L\t26.18\t8\n474\tWomen\\'s Mountain Shorts, S\t26.18\t8\n410\tLL Mountain Front Wheel\t26.97\t8\n400\tML Mountain Handlebars\t27.49\t8\n406\tML Road Handlebars\t27.49\t9\n543\tML Mountain Pedal\t27.57\t9\n546\tML Road Pedal\t27.57\t9\n236\tLong-Sleeve Logo Jersey, XL\t29.08\t9\n227\tLong-Sleeve Logo Jersey, S\t29.08\t9\n230\tLong-Sleeve Logo Jersey, M\t29.08\t9\n233\tLong-Sleeve Logo Jersey, L\t29.08\t9\n458\tWomen\\'s Tights, L\t30.93\t9\n456\tWomen\\'s Tights, S\t30.93\t9\n457\tWomen\\'s Tights, M\t30.93\t9\n226\tLong-Sleeve Logo Jersey, S\t31.72\t10\n229\tLong-Sleeve Logo Jersey, M\t31.72\t10\n232\tLong-Sleeve Logo Jersey, L\t31.72\t10\n235\tLong-Sleeve Logo Jersey, XL\t31.72\t10\n547\tHL Road Pedal\t35.96\t10\n544\tHL Mountain Pedal\t35.96\t10\n548\tTouring Pedal\t35.96\t10\n460\tMen\\'s Bib-Shorts, M\t37.12\t10\n461\tMen\\'s Bib-Shorts, L\t37.12\t10\n459\tMen\\'s Bib-Shorts, S\t37.12\t10\n413\tLL Road Front Wheel\t37.99\t11\n234\tLong-Sleeve Logo Jersey, L\t38.49\t11\n237\tLong-Sleeve Logo Jersey, XL\t38.49\t11\n231\tLong-Sleeve Logo Jersey, M\t38.49\t11\n228\tLong-Sleeve Logo Jersey, S\t38.49\t11\n419\tLL Mountain Rear Wheel\t38.96\t11\n552\tFront Derailleur\t40.62\t11\n554\tHL Touring Handlebars\t40.66\t11\n488\tShort-Sleeve Classic Jersey, S\t41.57\t11\n489\tShort-Sleeve Classic Jersey, M\t41.57\t11\n491\tShort-Sleeve Classic Jersey, XL\t41.57\t12\n490\tShort-Sleeve Classic Jersey, L\t41.57\t12\n483\tHitch Rack - 4-Bike\t44.88\t12\n602\tML Bottom Bracket\t44.95\t12\n395\tML Headset\t45.42\t12\n555\tFront Brakes\t47.29\t12\n514\tRear Brakes\t47.29\t12\n401\tHL Mountain Handlebars\t48.55\t12\n407\tHL Road Handlebars\t48.55\t12\n422\tLL Road Rear Wheel\t49.98\t12\n446\tTouring-Panniers, Large\t51.56\t13\n402\tHL Mountain Handlebars\t53.40\t13\n408\tHL Road Handlebars\t53.40\t13\n501\tRear Derailleur\t53.93\t13\n603\tHL Bottom Bracket\t53.94\t13\n396\tHL Headset\t55.38\t13\n486\tAll-Purpose Bike Stand\t59.47\t13\n391\tLL Fork\t65.81\t13\n392\tML Fork\t77.92\t13\n556\tLL Crankset\t77.92\t13\n411\tML Mountain Front Wheel\t92.81\t14\n416\tTouring Front Wheel\t96.80\t14\n393\tHL Fork\t101.89\t14\n420\tML Mountain Rear Wheel\t104.80\t14\n425\tTouring Rear Wheel\t108.78\t14\n414\tML Road Front Wheel\t110.28\t14\n557\tML Crankset\t113.88\t14\n423\tML Road Rear Wheel\t122.27\t14\n412\tHL Mountain Front Wheel\t133.30\t14\n531\tLL Mountain Frame - Black, 42\t136.79\t14\n534\tLL Mountain Frame - Black, 52\t136.79\t15\n550\tLL Mountain Frame - Black, 40\t136.79\t15\n533\tLL Mountain Frame - Black, 48\t136.79\t15\n532\tLL Mountain Frame - Black, 44\t136.79\t15\n527\tLL Mountain Frame - Silver, 52\t144.59\t15\n526\tLL Mountain Frame - Silver, 48\t144.59\t15\n551\tLL Mountain Frame - Silver, 40\t144.59\t15\n524\tLL Mountain Frame - Silver, 42\t144.59\t15\n525\tLL Mountain Frame - Silver, 44\t144.59\t15\n421\tHL Mountain Rear Wheel\t145.28\t15\n415\tHL Road Front Wheel\t146.55\t16\n424\tHL Road Rear Wheel\t158.53\t16\n257\tLL Road Frame - Black, 60\t170.14\t16\n260\tLL Road Frame - Black, 62\t170.14\t16\n283\tLL Road Frame - Black, 48\t170.14\t16\n254\tLL Road Frame - Black, 58\t170.14\t16\n280\tLL Road Frame - Black, 44\t170.14\t16\n286\tLL Road Frame - Black, 52\t170.14\t16\n256\tLL Road Frame - Black, 60\t176.20\t16\n253\tLL Road Frame - Black, 58\t176.20\t16\n282\tLL Road Frame - Black, 48\t176.20\t17\n279\tLL Road Frame - Black, 44\t176.20\t17\n285\tLL Road Frame - Black, 52\t176.20\t17\n259\tLL Road Frame - Black, 62\t176.20\t17\n558\tHL Crankset\t179.82\t17\n270\tLL Road Frame - Red, 60\t181.49\t17\n262\tLL Road Frame - Red, 44\t181.49\t17\n268\tLL Road Frame - Red, 58\t181.49\t17\n264\tLL Road Frame - Red, 48\t181.49\t17\n266\tLL Road Frame - Red, 52\t181.49\t17\n272\tLL Road Frame - Red, 62\t181.49\t18\n428\tML Mountain Frame - Black, 48\t185.82\t18\n426\tML Mountain Frame - Black, 40\t185.82\t18\n427\tML Mountain Frame - Black, 44\t185.82\t18\n409\tML Mountain Frame - Black, 38\t185.82\t18\n267\tLL Road Frame - Red, 52\t187.16\t18\n265\tLL Road Frame - Red, 48\t187.16\t18\n269\tLL Road Frame - Red, 58\t187.16\t18\n271\tLL Road Frame - Red, 60\t187.16\t18\n263\tLL Road Frame - Red, 44\t187.16\t18\n273\tLL Road Frame - Red, 62\t187.16\t19\n549\tML Mountain Frame-W - Silver, 38\t199.38\t19\n513\tML Mountain Frame-W - Silver, 46\t199.38\t19\n511\tML Mountain Frame-W - Silver, 40\t199.38\t19\n512\tML Mountain Frame-W - Silver, 42\t199.38\t19\n502\tLL Touring Frame - Blue, 50\t199.85\t19\n493\tLL Touring Frame - Yellow, 62\t199.85\t19\n503\tLL Touring Frame - Blue, 54\t199.85\t19\n505\tLL Touring Frame - Blue, 62\t199.85\t19\n504\tLL Touring Frame - Blue, 58\t199.85\t19\n508\tLL Touring Frame - Yellow, 54\t199.85\t20\n507\tLL Touring Frame - Yellow, 50\t199.85\t20\n509\tLL Touring Frame - Yellow, 58\t199.85\t20\n506\tLL Touring Frame - Yellow, 44\t199.85\t20\n510\tLL Touring Frame - Blue, 44\t199.85\t20\n261\tLL Road Frame - Black, 62\t204.63\t20\n281\tLL Road Frame - Black, 44\t204.63\t20\n258\tLL Road Frame - Black, 60\t204.63\t20\n284\tLL Road Frame - Black, 48\t204.63\t20\n255\tLL Road Frame - Black, 58\t204.63\t20\n287\tLL Road Frame - Black, 52\t204.63\t21\n599\tMountain-500 Black, 48\t294.58\t21\n600\tMountain-500 Black, 52\t294.58\t21\n596\tMountain-500 Black, 40\t294.58\t21\n597\tMountain-500 Black, 42\t294.58\t21\n598\tMountain-500 Black, 44\t294.58\t21\n417\tML Road Frame-W - Yellow, 38\t300.12\t21\n433\tML Road Frame-W - Yellow, 44\t300.12\t21\n429\tML Road Frame-W - Yellow, 40\t300.12\t21\n431\tML Road Frame-W - Yellow, 42\t300.12\t21\n435\tML Road Frame-W - Yellow, 48\t300.12\t22\n593\tMountain-500 Silver, 44\t308.22\t22\n594\tMountain-500 Silver, 48\t308.22\t22\n592\tMountain-500 Silver, 42\t308.22\t22\n595\tMountain-500 Silver, 52\t308.22\t22\n591\tMountain-500 Silver, 40\t308.22\t22\n584\tRoad-750 Black, 58\t343.65\t22\n604\tRoad-750 Black, 44\t343.65\t22\n605\tRoad-750 Black, 48\t343.65\t22\n606\tRoad-750 Black, 52\t343.65\t22\n278\tML Road Frame - Red, 60\t352.14\t23\n276\tML Road Frame - Red, 52\t352.14\t23\n277\tML Road Frame - Red, 58\t352.14\t23\n274\tML Road Frame - Red, 44\t352.14\t23\n275\tML Road Frame - Red, 48\t352.14\t23\n434\tML Road Frame-W - Yellow, 44\t360.94\t23\n436\tML Road Frame-W - Yellow, 48\t360.94\t23\n418\tML Road Frame-W - Yellow, 38\t360.94\t23\n430\tML Road Frame-W - Yellow, 40\t360.94\t23\n432\tML Road Frame-W - Yellow, 42\t360.94\t23\n326\tRoad-650 Red, 44\t413.15\t24\n328\tRoad-650 Red, 48\t413.15\t24\n330\tRoad-650 Red, 52\t413.15\t24\n324\tRoad-650 Red, 62\t413.15\t24\n332\tRoad-650 Black, 58\t413.15\t24\n334\tRoad-650 Black, 60\t413.15\t24\n338\tRoad-650 Black, 44\t413.15\t24\n322\tRoad-650 Red, 60\t413.15\t24\n336\tRoad-650 Black, 62\t413.15\t24\n320\tRoad-650 Red, 58\t413.15\t24\n340\tRoad-650 Black, 48\t413.15\t25\n342\tRoad-650 Black, 52\t413.15\t25\n590\tMountain-400-W Silver, 46\t419.78\t25\n587\tMountain-400-W Silver, 38\t419.78\t25\n588\tMountain-400-W Silver, 40\t419.78\t25\n589\tMountain-400-W Silver, 42\t419.78\t25\n572\tTouring-3000 Yellow, 62\t461.44\t25\n565\tTouring-3000 Blue, 54\t461.44\t25\n585\tTouring-3000 Blue, 44\t461.44\t25\n586\tTouring-3000 Blue, 50\t461.44\t25\n568\tTouring-3000 Yellow, 44\t461.44\t26\n569\tTouring-3000 Yellow, 50\t461.44\t26\n570\tTouring-3000 Yellow, 54\t461.44\t26\n566\tTouring-3000 Blue, 58\t461.44\t26\n567\tTouring-3000 Blue, 62\t461.44\t26\n571\tTouring-3000 Yellow, 58\t461.44\t26\n325\tRoad-650 Red, 62\t486.71\t26\n327\tRoad-650 Red, 44\t486.71\t26\n321\tRoad-650 Red, 58\t486.71\t26\n323\tRoad-650 Red, 60\t486.71\t26\n331\tRoad-650 Red, 52\t486.71\t27\n333\tRoad-650 Black, 58\t486.71\t27\n341\tRoad-650 Black, 48\t486.71\t27\n335\tRoad-650 Black, 60\t486.71\t27\n343\tRoad-650 Black, 52\t486.71\t27\n337\tRoad-650 Black, 62\t486.71\t27\n329\tRoad-650 Red, 48\t486.71\t27\n339\tRoad-650 Black, 44\t486.71\t27\n365\tMountain-300 Black, 40\t598.44\t27\n364\tMountain-300 Black, 38\t598.44\t27\n366\tMountain-300 Black, 44\t598.44\t28\n367\tMountain-300 Black, 48\t598.44\t28\n498\tHL Touring Frame - Blue, 50\t601.74\t28\n499\tHL Touring Frame - Blue, 54\t601.74\t28\n496\tHL Touring Frame - Yellow, 54\t601.74\t28\n497\tHL Touring Frame - Blue, 46\t601.74\t28\n495\tHL Touring Frame - Yellow, 50\t601.74\t28\n492\tHL Touring Frame - Yellow, 60\t601.74\t28\n500\tHL Touring Frame - Blue, 60\t601.74\t28\n494\tHL Touring Frame - Yellow, 46\t601.74\t28\n383\tRoad-550-W Yellow, 40\t605.65\t29\n385\tRoad-550-W Yellow, 42\t605.65\t29\n387\tRoad-550-W Yellow, 44\t605.65\t29\n389\tRoad-550-W Yellow, 48\t605.65\t29\n381\tRoad-550-W Yellow, 38\t605.65\t29\n304\tHL Mountain Frame - Black, 38\t617.03\t29\n296\tHL Mountain Frame - Black, 42\t617.03\t29\n301\tHL Mountain Frame - Black, 46\t617.03\t29\n288\tHL Mountain Frame - Silver, 42\t623.84\t29\n293\tHL Mountain Frame - Silver, 46\t623.84\t29\n307\tHL Mountain Frame - Silver, 38\t623.84\t30\n302\tHL Mountain Frame - Black, 46\t653.70\t30\n305\tHL Mountain Frame - Black, 38\t653.70\t30\n297\tHL Mountain Frame - Black, 42\t653.70\t30\n289\tHL Mountain Frame - Silver, 42\t660.91\t30\n294\tHL Mountain Frame - Silver, 46\t660.91\t30\n308\tHL Mountain Frame - Silver, 38\t660.91\t30\n299\tHL Mountain Frame - Black, 44\t699.09\t30\n300\tHL Mountain Frame - Black, 48\t699.09\t30\n291\tHL Mountain Frame - Silver, 44\t706.81\t30\n292\tHL Mountain Frame - Silver, 48\t706.81\t31\n382\tRoad-550-W Yellow, 38\t713.08\t31\n384\tRoad-550-W Yellow, 40\t713.08\t31\n390\tRoad-550-W Yellow, 48\t713.08\t31\n386\tRoad-550-W Yellow, 42\t713.08\t31\n388\tRoad-550-W Yellow, 44\t713.08\t31\n242\tHL Road Frame - Red, 44\t722.26\t31\n245\tHL Road Frame - Red, 48\t722.26\t31\n239\tHL Road Frame - Red, 62\t722.26\t31\n248\tHL Road Frame - Red, 52\t722.26\t31\n251\tHL Road Frame - Red, 56\t722.26\t32\n437\tHL Road Frame - Black, 62\t722.26\t32\n439\tHL Road Frame - Black, 44\t722.26\t32\n441\tHL Road Frame - Black, 48\t722.26\t32\n443\tHL Road Frame - Black, 52\t722.26\t32\n303\tHL Mountain Frame - Black, 46\t739.04\t32\n306\tHL Mountain Frame - Black, 38\t739.04\t32\n298\tHL Mountain Frame - Black, 42\t739.04\t32\n290\tHL Mountain Frame - Silver, 42\t747.20\t32\n295\tHL Mountain Frame - Silver, 46\t747.20\t32\n309\tHL Mountain Frame - Silver, 38\t747.20\t33\n250\tHL Road Frame - Red, 56\t747.97\t33\n241\tHL Road Frame - Red, 44\t747.97\t33\n244\tHL Road Frame - Red, 48\t747.97\t33\n238\tHL Road Frame - Red, 62\t747.97\t33\n247\tHL Road Frame - Red, 52\t747.97\t33\n577\tTouring-2000 Blue, 46\t755.15\t33\n578\tTouring-2000 Blue, 50\t755.15\t33\n579\tTouring-2000 Blue, 54\t755.15\t33\n560\tTouring-2000 Blue, 60\t755.15\t33\n252\tHL Road Frame - Red, 56\t868.63\t34\n243\tHL Road Frame - Red, 44\t868.63\t34\n442\tHL Road Frame - Black, 48\t868.63\t34\n246\tHL Road Frame - Red, 48\t868.63\t34\n444\tHL Road Frame - Black, 52\t868.63\t34\n440\tHL Road Frame - Black, 44\t868.63\t34\n249\tHL Road Frame - Red, 52\t868.63\t34\n438\tHL Road Frame - Black, 62\t868.63\t34\n240\tHL Road Frame - Red, 62\t868.63\t34\n315\tRoad-450 Red, 58\t884.71\t34\n319\tRoad-450 Red, 52\t884.71\t35\n318\tRoad-450 Red, 48\t884.71\t35\n316\tRoad-450 Red, 60\t884.71\t35\n317\tRoad-450 Red, 44\t884.71\t35\n580\tRoad-350-W Yellow, 40\t1082.51\t35\n581\tRoad-350-W Yellow, 42\t1082.51\t35\n582\tRoad-350-W Yellow, 44\t1082.51\t35\n583\tRoad-350-W Yellow, 48\t1082.51\t35\n358\tMountain-200 Black, 38\t1105.81\t35\n362\tMountain-200 Black, 46\t1105.81\t36\n360\tMountain-200 Black, 42\t1105.81\t36\n352\tMountain-200 Silver, 38\t1117.86\t36\n354\tMountain-200 Silver, 42\t1117.86\t36\n356\tMountain-200 Silver, 46\t1117.86\t36\n359\tMountain-200 Black, 38\t1251.98\t36\n361\tMountain-200 Black, 42\t1251.98\t36\n363\tMountain-200 Black, 46\t1251.98\t36\n353\tMountain-200 Silver, 38\t1265.62\t36\n355\tMountain-200 Silver, 42\t1265.62\t37\n357\tMountain-200 Silver, 46\t1265.62\t37\n375\tRoad-250 Black, 48\t1320.68\t37\n377\tRoad-250 Black, 52\t1320.68\t37\n379\tRoad-250 Black, 58\t1320.68\t37\n371\tRoad-250 Red, 58\t1320.68\t37\n373\tRoad-250 Black, 44\t1320.68\t37\n574\tTouring-1000 Blue, 50\t1481.94\t37\n573\tTouring-1000 Blue, 46\t1481.94\t37\n562\tTouring-1000 Yellow, 50\t1481.94\t38\n563\tTouring-1000 Yellow, 54\t1481.94\t38\n575\tTouring-1000 Blue, 54\t1481.94\t38\n564\tTouring-1000 Yellow, 60\t1481.94\t38\n576\tTouring-1000 Blue, 60\t1481.94\t38\n561\tTouring-1000 Yellow, 46\t1481.94\t38\n370\tRoad-250 Red, 52\t1518.79\t38\n368\tRoad-250 Red, 44\t1518.79\t38\n369\tRoad-250 Red, 48\t1518.79\t38\n372\tRoad-250 Red, 58\t1554.95\t39\n374\tRoad-250 Black, 44\t1554.95\t39\n376\tRoad-250 Black, 48\t1554.95\t39\n378\tRoad-250 Black, 52\t1554.95\t39\n380\tRoad-250 Black, 58\t1554.95\t39\n349\tMountain-100 Black, 42\t1898.09\t39\n348\tMountain-100 Black, 38\t1898.09\t39\n350\tMountain-100 Black, 44\t1898.09\t39\n351\tMountain-100 Black, 48\t1898.09\t39\n347\tMountain-100 Silver, 48\t1912.15\t40\n344\tMountain-100 Silver, 38\t1912.15\t40\n345\tMountain-100 Silver, 42\t1912.15\t40\n346\tMountain-100 Silver, 44\t1912.15\t40\n310\tRoad-150 Red, 62\t2171.29\t40\n311\tRoad-150 Red, 44\t2171.29\t40\n312\tRoad-150 Red, 48\t2171.29\t40\n313\tRoad-150 Red, 52\t2171.29\t40\n314\tRoad-150 Red, 56\t2171.29\t40"},{"type":"HTML","data":"<hr/>Spark Application Id: application_1621523488736_0008<br/>Spark WebUI: <a href=\"http://hn1-hdibpc.azhjkvldhjduvd2qp4tphmpqfg.bx.internal.cloudapp.net:8088/proxy/application_1621523488736_0008/\">http://hn1-hdibpc.azhjkvldhjduvd2qp4tphmpqfg.bx.internal.cloudapp.net:8088/proxy/application_1621523488736_0008/</a>"}]}},{"text":"%sql\n","user":"anonymous","dateUpdated":"2021-05-20T17:09:01+0000","config":{"colWidth":12,"fontSize":9,"enabled":true,"results":{},"editorSetting":{"language":"sql","editOnDblClick":false,"completionKey":"TAB","completionSupport":true},"editorMode":"ace/mode/sql"},"settings":{"params":{},"forms":{}},"apps":[],"jobName":"paragraph_1621530541354_550667667","id":"20210520-170901_351628080","dateCreated":"2021-05-20T17:09:01+0000","status":"READY","progressUpdateIntervalMs":500,"focus":true,"$$hashKey":"object:56859"}],"name":"AW_SQL_Window_Functions_Spark","id":"2G5J9UP45","noteParams":{},"noteForms":{},"angularObjects":{"md:shared_process":[],"livy2:shared_process":[]},"config":{"isZeppelinNotebookCronEnable":false,"looknfeel":"default","personalizedMode":"false"},"info":{}}