﻿{"paragraphs":[{"text":"%md\n\n#### Author: Bryan Cafferky Copyright 3/16/2021\n\n### Disclaimer:  Not for production use.  For demostration only.","user":"anonymous","dateUpdated":"2021-05-20T16:10:06+0000","config":{"tableHide":false,"editorSetting":{"language":"markdown","editOnDblClick":true,"completionKey":"TAB","completionSupport":false},"colWidth":12,"editorMode":"ace/mode/markdown","fontSize":9,"editorHide":true,"results":{},"enabled":true},"settings":{"params":{},"forms":{}},"results":{"code":"SUCCESS","msg":[{"type":"HTML","data":"<h4>Author: Bryan Cafferky Copyright 3/16/2021</h4>\n<h3>Disclaimer:  Not for production use.  For demostration only.</h3>\n"}]},"apps":[],"jobName":"paragraph_1621527006314_-2060909583","id":"20210316-171350_785272787","dateCreated":"2021-05-20T16:10:06+0000","status":"READY","errorMessage":"","progressUpdateIntervalMs":500,"focus":true,"$$hashKey":"object:2991"},{"text":"%md\n\n### Link to Databricks blog on CREATE FROM CSV\nhttps://forums.databricks.com/questions/9611/how-can-i-create-a-table-from-a-csv-file-with-firs.html\n","user":"anonymous","dateUpdated":"2021-05-20T16:10:06+0000","config":{"tableHide":false,"editorSetting":{"language":"markdown","editOnDblClick":true,"completionKey":"TAB","completionSupport":false},"colWidth":12,"editorMode":"ace/mode/markdown","fontSize":9,"editorHide":true,"results":{},"enabled":true},"settings":{"params":{},"forms":{}},"results":{"code":"SUCCESS","msg":[{"type":"HTML","data":"<h3>Link to Databricks blog on CREATE FROM CSV</h3>\n<p>https://forums.databricks.com/questions/9611/how-can-i-create-a-table-from-a-csv-file-with-firs.html</p>\n"}]},"apps":[],"jobName":"paragraph_1621527006317_-146652186","id":"20210314-011608_2060755835","dateCreated":"2021-05-20T16:10:06+0000","status":"READY","errorMessage":"","progressUpdateIntervalMs":500,"$$hashKey":"object:2992"},{"text":"%sql\n\nCREATE DATABASE IF NOT EXISTS awproject","user":"anonymous","dateUpdated":"2021-05-20T16:11:33+0000","config":{"editorSetting":{"language":"sql","editOnDblClick":false,"completionKey":"TAB","completionSupport":true},"colWidth":10,"editorMode":"ace/mode/sql","fontSize":9,"results":{"0":{"graph":{"mode":"table","height":86,"optionOpen":false,"setting":{"table":{"tableGridState":{},"tableColumnTypeState":{"names":{}},"tableOptionSpecHash":"[{\"name\":\"useFilter\",\"valueType\":\"boolean\",\"defaultValue\":false,\"widget\":\"checkbox\",\"description\":\"Enable filter for columns\"},{\"name\":\"showPagination\",\"valueType\":\"boolean\",\"defaultValue\":false,\"widget\":\"checkbox\",\"description\":\"Enable pagination for better navigation\"},{\"name\":\"showAggregationFooter\",\"valueType\":\"boolean\",\"defaultValue\":false,\"widget\":\"checkbox\",\"description\":\"Enable a footer for displaying aggregated values\"}]","tableOptionValue":{"useFilter":false,"showPagination":false,"showAggregationFooter":false},"updated":false,"initialized":false}},"commonSetting":{}}}},"enabled":true},"settings":{"params":{},"forms":{}},"results":{"code":"SUCCESS","msg":[{"type":"TABLE","data":""},{"type":"HTML","data":"<hr/>Spark Application Id: application_1621523488736_0007<br/>Spark WebUI: <a href=\"http://hn1-hdibpc.azhjkvldhjduvd2qp4tphmpqfg.bx.internal.cloudapp.net:8088/proxy/application_1621523488736_0007/\">http://hn1-hdibpc.azhjkvldhjduvd2qp4tphmpqfg.bx.internal.cloudapp.net:8088/proxy/application_1621523488736_0007/</a>"}]},"apps":[],"jobName":"paragraph_1621527006317_-1375434342","id":"20210316-164302_1642606567","dateCreated":"2021-05-20T16:10:06+0000","status":"FINISHED","progressUpdateIntervalMs":500,"$$hashKey":"object:2993","dateFinished":"2021-05-20T16:11:34+0000","dateStarted":"2021-05-20T16:11:33+0000"},{"text":"%sql\n\nUSE awproject","user":"anonymous","dateUpdated":"2021-05-20T16:11:37+0000","config":{"editorSetting":{"language":"sql","editOnDblClick":false,"completionKey":"TAB","completionSupport":true},"colWidth":10,"editorMode":"ace/mode/sql","fontSize":9,"results":{"0":{"graph":{"mode":"table","height":88,"optionOpen":false,"setting":{"table":{"tableGridState":{},"tableColumnTypeState":{"names":{}},"tableOptionSpecHash":"[{\"name\":\"useFilter\",\"valueType\":\"boolean\",\"defaultValue\":false,\"widget\":\"checkbox\",\"description\":\"Enable filter for columns\"},{\"name\":\"showPagination\",\"valueType\":\"boolean\",\"defaultValue\":false,\"widget\":\"checkbox\",\"description\":\"Enable pagination for better navigation\"},{\"name\":\"showAggregationFooter\",\"valueType\":\"boolean\",\"defaultValue\":false,\"widget\":\"checkbox\",\"description\":\"Enable a footer for displaying aggregated values\"}]","tableOptionValue":{"useFilter":false,"showPagination":false,"showAggregationFooter":false},"updated":false,"initialized":false}},"commonSetting":{}}}},"enabled":true},"settings":{"params":{},"forms":{}},"results":{"code":"SUCCESS","msg":[{"type":"TABLE","data":""},{"type":"HTML","data":"<hr/>Spark Application Id: application_1621523488736_0007<br/>Spark WebUI: <a href=\"http://hn1-hdibpc.azhjkvldhjduvd2qp4tphmpqfg.bx.internal.cloudapp.net:8088/proxy/application_1621523488736_0007/\">http://hn1-hdibpc.azhjkvldhjduvd2qp4tphmpqfg.bx.internal.cloudapp.net:8088/proxy/application_1621523488736_0007/</a>"}]},"apps":[],"jobName":"paragraph_1621527006318_746493031","id":"20210316-164329_1548531316","dateCreated":"2021-05-20T16:10:06+0000","status":"FINISHED","progressUpdateIntervalMs":500,"$$hashKey":"object:2994","dateFinished":"2021-05-20T16:11:38+0000","dateStarted":"2021-05-20T16:11:37+0000"},{"text":"%md\n\n#### Note:  You MUST include the forward slash, /, before the file name if the file is in the current folder.\n","user":"anonymous","dateUpdated":"2021-05-20T16:10:06+0000","config":{"tableHide":false,"editorSetting":{"language":"markdown","editOnDblClick":true,"completionKey":"TAB","completionSupport":false},"colWidth":12,"editorMode":"ace/mode/markdown","fontSize":9,"editorHide":true,"results":{},"enabled":true},"settings":{"params":{},"forms":{}},"results":{"code":"SUCCESS","msg":[{"type":"HTML","data":"<h4>Note:  You MUST include the forward slash, /, before the file name if the file is in the current folder.</h4>\n"}]},"apps":[],"jobName":"paragraph_1621527006318_-1796620942","id":"20210316-164333_331371714","dateCreated":"2021-05-20T16:10:06+0000","status":"READY","errorMessage":"","progressUpdateIntervalMs":500,"$$hashKey":"object:2995"},{"text":"%sql\n\nCREATE TABLE IF NOT EXISTS dimdate USING CSV \nOPTIONS (path \"/DimDate.csv\", header \"true\", inferSchema=\"true\")\n","user":"anonymous","dateUpdated":"2021-05-20T16:11:43+0000","config":{"editorSetting":{"language":"sql","editOnDblClick":false,"completionKey":"TAB","completionSupport":true},"colWidth":12,"editorMode":"ace/mode/sql","fontSize":9,"results":{"0":{"graph":{"mode":"table","height":94,"optionOpen":false,"setting":{"table":{"tableGridState":{},"tableColumnTypeState":{"names":{}},"tableOptionSpecHash":"[{\"name\":\"useFilter\",\"valueType\":\"boolean\",\"defaultValue\":false,\"widget\":\"checkbox\",\"description\":\"Enable filter for columns\"},{\"name\":\"showPagination\",\"valueType\":\"boolean\",\"defaultValue\":false,\"widget\":\"checkbox\",\"description\":\"Enable pagination for better navigation\"},{\"name\":\"showAggregationFooter\",\"valueType\":\"boolean\",\"defaultValue\":false,\"widget\":\"checkbox\",\"description\":\"Enable a footer for displaying aggregated values\"}]","tableOptionValue":{"useFilter":false,"showPagination":false,"showAggregationFooter":false},"updated":false,"initialized":false}},"commonSetting":{}}}},"enabled":true},"settings":{"params":{},"forms":{}},"results":{"code":"SUCCESS","msg":[{"type":"TABLE","data":""},{"type":"HTML","data":"<hr/>Spark Application Id: application_1621523488736_0007<br/>Spark WebUI: <a href=\"http://hn1-hdibpc.azhjkvldhjduvd2qp4tphmpqfg.bx.internal.cloudapp.net:8088/proxy/application_1621523488736_0007/\">http://hn1-hdibpc.azhjkvldhjduvd2qp4tphmpqfg.bx.internal.cloudapp.net:8088/proxy/application_1621523488736_0007/</a>"}]},"apps":[],"jobName":"paragraph_1621527006319_-129452509","id":"20210314-011728_1621474949","dateCreated":"2021-05-20T16:10:06+0000","status":"FINISHED","progressUpdateIntervalMs":500,"$$hashKey":"object:2996","dateFinished":"2021-05-20T16:11:57+0000","dateStarted":"2021-05-20T16:11:43+0000"},{"text":"%sql\n\nselect * from dimdate limit 3","user":"anonymous","dateUpdated":"2021-05-20T16:12:04+0000","config":{"editorSetting":{"language":"sql","editOnDblClick":false,"completionKey":"TAB","completionSupport":true},"colWidth":12,"editorMode":"ace/mode/sql","fontSize":9,"results":{"0":{"graph":{"mode":"table","height":194,"optionOpen":false,"setting":{"table":{"tableGridState":{},"tableColumnTypeState":{"names":{"DateKey":"string","FullDateAlternateKey":"string","DayNumberOfWeek":"string","EnglishDayNameOfWeek":"string","SpanishDayNameOfWeek":"string","FrenchDayNameOfWeek":"string","DayNumberOfMonth":"string","DayNumberOfYear":"string","WeekNumberOfYear":"string","EnglishMonthName":"string","SpanishMonthName":"string","FrenchMonthName":"string","MonthNumberOfYear":"string","CalendarQuarter":"string","CalendarYear":"string","CalendarSemester":"string","FiscalQuarter":"string","FiscalYear":"string","FiscalSemester":"string"},"updated":false},"tableOptionSpecHash":"[{\"name\":\"useFilter\",\"valueType\":\"boolean\",\"defaultValue\":false,\"widget\":\"checkbox\",\"description\":\"Enable filter for columns\"},{\"name\":\"showPagination\",\"valueType\":\"boolean\",\"defaultValue\":false,\"widget\":\"checkbox\",\"description\":\"Enable pagination for better navigation\"},{\"name\":\"showAggregationFooter\",\"valueType\":\"boolean\",\"defaultValue\":false,\"widget\":\"checkbox\",\"description\":\"Enable a footer for displaying aggregated values\"}]","tableOptionValue":{"useFilter":false,"showPagination":false,"showAggregationFooter":false},"updated":false,"initialized":false}},"commonSetting":{}}}},"enabled":true},"settings":{"params":{},"forms":{}},"results":{"code":"SUCCESS","msg":[{"type":"TABLE","data":"DateKey\tFullDateAlternateKey\tDayNumberOfWeek\tEnglishDayNameOfWeek\tSpanishDayNameOfWeek\tFrenchDayNameOfWeek\tDayNumberOfMonth\tDayNumberOfYear\tWeekNumberOfYear\tEnglishMonthName\tSpanishMonthName\tFrenchMonthName\tMonthNumberOfYear\tCalendarQuarter\tCalendarYear\tCalendarSemester\tFiscalQuarter\tFiscalYear\tFiscalSemester\n20050101\t2005-01-01 00:00:00\t7\tSaturday\tS\\u00E1bado\tSamedi\t1\t1\t1\tJanuary\tEnero\tJanvier\t1\t1\t2005\t1\t3\t2005\t2\n20050102\t2005-01-02 00:00:00\t1\tSunday\tDomingo\tDimanche\t2\t2\t2\tJanuary\tEnero\tJanvier\t1\t1\t2005\t1\t3\t2005\t2\n20050103\t2005-01-03 00:00:00\t2\tMonday\tLunes\tLundi\t3\t3\t2\tJanuary\tEnero\tJanvier\t1\t1\t2005\t1\t3\t2005\t2"},{"type":"HTML","data":"<hr/>Spark Application Id: application_1621523488736_0007<br/>Spark WebUI: <a href=\"http://hn1-hdibpc.azhjkvldhjduvd2qp4tphmpqfg.bx.internal.cloudapp.net:8088/proxy/application_1621523488736_0007/\">http://hn1-hdibpc.azhjkvldhjduvd2qp4tphmpqfg.bx.internal.cloudapp.net:8088/proxy/application_1621523488736_0007/</a>"}]},"apps":[],"jobName":"paragraph_1621527006320_-270452337","id":"20210314-011941_1646736974","dateCreated":"2021-05-20T16:10:06+0000","status":"FINISHED","progressUpdateIntervalMs":500,"$$hashKey":"object:2997","dateFinished":"2021-05-20T16:12:07+0000","dateStarted":"2021-05-20T16:12:04+0000"},{"text":"%sql\n\nCREATE TABLE IF NOT EXISTS dimsalesreason USING CSV \nOPTIONS (path \"/DimSalesReason.csv\", header \"true\", inferSchema=\"true\")","user":"anonymous","dateUpdated":"2021-05-20T16:13:29+0000","config":{"editorSetting":{"language":"sql","editOnDblClick":false,"completionKey":"TAB","completionSupport":true},"colWidth":12,"editorMode":"ace/mode/sql","fontSize":9,"results":{"0":{"graph":{"mode":"table","height":84,"optionOpen":false,"setting":{"table":{"tableGridState":{},"tableColumnTypeState":{"names":{}},"tableOptionSpecHash":"[{\"name\":\"useFilter\",\"valueType\":\"boolean\",\"defaultValue\":false,\"widget\":\"checkbox\",\"description\":\"Enable filter for columns\"},{\"name\":\"showPagination\",\"valueType\":\"boolean\",\"defaultValue\":false,\"widget\":\"checkbox\",\"description\":\"Enable pagination for better navigation\"},{\"name\":\"showAggregationFooter\",\"valueType\":\"boolean\",\"defaultValue\":false,\"widget\":\"checkbox\",\"description\":\"Enable a footer for displaying aggregated values\"}]","tableOptionValue":{"useFilter":false,"showPagination":false,"showAggregationFooter":false},"updated":false,"initialized":false}},"commonSetting":{}}}},"enabled":true},"settings":{"params":{},"forms":{}},"results":{"code":"SUCCESS","msg":[{"type":"TABLE","data":""},{"type":"HTML","data":"<hr/>Spark Application Id: application_1621523488736_0007<br/>Spark WebUI: <a href=\"http://hn1-hdibpc.azhjkvldhjduvd2qp4tphmpqfg.bx.internal.cloudapp.net:8088/proxy/application_1621523488736_0007/\">http://hn1-hdibpc.azhjkvldhjduvd2qp4tphmpqfg.bx.internal.cloudapp.net:8088/proxy/application_1621523488736_0007/</a>"}]},"apps":[],"jobName":"paragraph_1621527006321_149798695","id":"20210314-012432_370671405","dateCreated":"2021-05-20T16:10:06+0000","status":"FINISHED","progressUpdateIntervalMs":500,"$$hashKey":"object:3000","dateFinished":"2021-05-20T16:13:31+0000","dateStarted":"2021-05-20T16:13:29+0000"},{"text":"%sql\n\nselect * from dimsalesreason limit 1","user":"anonymous","dateUpdated":"2021-05-20T16:13:54+0000","config":{"editorSetting":{"language":"sql","editOnDblClick":false,"completionKey":"TAB","completionSupport":true},"colWidth":12,"editorMode":"ace/mode/sql","fontSize":9,"results":{"0":{"graph":{"mode":"table","height":134,"optionOpen":false,"setting":{"table":{"tableGridState":{},"tableColumnTypeState":{"names":{"SalesReasonKey":"string","SalesReasonAlternateKey":"string","SalesReasonName":"string","SalesReasonReasonType":"string"},"updated":false},"tableOptionSpecHash":"[{\"name\":\"useFilter\",\"valueType\":\"boolean\",\"defaultValue\":false,\"widget\":\"checkbox\",\"description\":\"Enable filter for columns\"},{\"name\":\"showPagination\",\"valueType\":\"boolean\",\"defaultValue\":false,\"widget\":\"checkbox\",\"description\":\"Enable pagination for better navigation\"},{\"name\":\"showAggregationFooter\",\"valueType\":\"boolean\",\"defaultValue\":false,\"widget\":\"checkbox\",\"description\":\"Enable a footer for displaying aggregated values\"}]","tableOptionValue":{"useFilter":false,"showPagination":false,"showAggregationFooter":false},"updated":false,"initialized":false}},"commonSetting":{}}}},"enabled":true},"settings":{"params":{},"forms":{}},"results":{"code":"SUCCESS","msg":[{"type":"TABLE","data":"SalesReasonKey\tSalesReasonAlternateKey\tSalesReasonName\tSalesReasonReasonType\n1\t1\tPrice\tOther"},{"type":"HTML","data":"<hr/>Spark Application Id: application_1621523488736_0007<br/>Spark WebUI: <a href=\"http://hn1-hdibpc.azhjkvldhjduvd2qp4tphmpqfg.bx.internal.cloudapp.net:8088/proxy/application_1621523488736_0007/\">http://hn1-hdibpc.azhjkvldhjduvd2qp4tphmpqfg.bx.internal.cloudapp.net:8088/proxy/application_1621523488736_0007/</a>"}]},"apps":[],"jobName":"paragraph_1621527006322_800554949","id":"20210314-012507_361940291","dateCreated":"2021-05-20T16:10:06+0000","status":"FINISHED","progressUpdateIntervalMs":500,"$$hashKey":"object:3001","dateFinished":"2021-05-20T16:13:56+0000","dateStarted":"2021-05-20T16:13:54+0000"},{"text":"%sql\n\nCREATE TABLE IF NOT EXISTS dimcustomer USING CSV \nOPTIONS (path \"/DimCustomer.csv\", header \"true\", inferSchema=\"true\")","user":"anonymous","dateUpdated":"2021-05-20T16:14:00+0000","config":{"editorSetting":{"language":"sql","editOnDblClick":false,"completionKey":"TAB","completionSupport":true},"colWidth":12,"editorMode":"ace/mode/sql","fontSize":9,"results":{"0":{"graph":{"mode":"table","height":104,"optionOpen":false,"setting":{"table":{"tableGridState":{},"tableColumnTypeState":{"names":{}},"tableOptionSpecHash":"[{\"name\":\"useFilter\",\"valueType\":\"boolean\",\"defaultValue\":false,\"widget\":\"checkbox\",\"description\":\"Enable filter for columns\"},{\"name\":\"showPagination\",\"valueType\":\"boolean\",\"defaultValue\":false,\"widget\":\"checkbox\",\"description\":\"Enable pagination for better navigation\"},{\"name\":\"showAggregationFooter\",\"valueType\":\"boolean\",\"defaultValue\":false,\"widget\":\"checkbox\",\"description\":\"Enable a footer for displaying aggregated values\"}]","tableOptionValue":{"useFilter":false,"showPagination":false,"showAggregationFooter":false},"updated":false,"initialized":false}},"commonSetting":{}}}},"enabled":true},"settings":{"params":{},"forms":{}},"results":{"code":"SUCCESS","msg":[{"type":"TABLE","data":""},{"type":"HTML","data":"<hr/>Spark Application Id: application_1621523488736_0007<br/>Spark WebUI: <a href=\"http://hn1-hdibpc.azhjkvldhjduvd2qp4tphmpqfg.bx.internal.cloudapp.net:8088/proxy/application_1621523488736_0007/\">http://hn1-hdibpc.azhjkvldhjduvd2qp4tphmpqfg.bx.internal.cloudapp.net:8088/proxy/application_1621523488736_0007/</a>"}]},"apps":[],"jobName":"paragraph_1621527006322_-2077074651","id":"20210316-165801_1998042452","dateCreated":"2021-05-20T16:10:06+0000","status":"FINISHED","progressUpdateIntervalMs":500,"$$hashKey":"object:3002","dateFinished":"2021-05-20T16:14:03+0000","dateStarted":"2021-05-20T16:14:00+0000"},{"text":"%sql\n\nCREATE TABLE IF NOT EXISTS dimgeography USING CSV \nOPTIONS (path \"/DimGeography.csv\", header \"true\", inferSchema=\"true\")","user":"anonymous","dateUpdated":"2021-05-20T16:14:07+0000","config":{"editorSetting":{"language":"sql","editOnDblClick":false,"completionKey":"TAB","completionSupport":true},"colWidth":12,"editorMode":"ace/mode/sql","fontSize":9,"results":{"0":{"graph":{"mode":"table","height":88,"optionOpen":false,"setting":{"table":{"tableGridState":{},"tableColumnTypeState":{"names":{}},"tableOptionSpecHash":"[{\"name\":\"useFilter\",\"valueType\":\"boolean\",\"defaultValue\":false,\"widget\":\"checkbox\",\"description\":\"Enable filter for columns\"},{\"name\":\"showPagination\",\"valueType\":\"boolean\",\"defaultValue\":false,\"widget\":\"checkbox\",\"description\":\"Enable pagination for better navigation\"},{\"name\":\"showAggregationFooter\",\"valueType\":\"boolean\",\"defaultValue\":false,\"widget\":\"checkbox\",\"description\":\"Enable a footer for displaying aggregated values\"}]","tableOptionValue":{"useFilter":false,"showPagination":false,"showAggregationFooter":false},"updated":false,"initialized":false}},"commonSetting":{}}},"1":{"graph":{"mode":"table","height":70,"optionOpen":false}}},"enabled":true},"settings":{"params":{},"forms":{}},"results":{"code":"SUCCESS","msg":[{"type":"TABLE","data":""},{"type":"HTML","data":"<hr/>Spark Application Id: application_1621523488736_0007<br/>Spark WebUI: <a href=\"http://hn1-hdibpc.azhjkvldhjduvd2qp4tphmpqfg.bx.internal.cloudapp.net:8088/proxy/application_1621523488736_0007/\">http://hn1-hdibpc.azhjkvldhjduvd2qp4tphmpqfg.bx.internal.cloudapp.net:8088/proxy/application_1621523488736_0007/</a>"}]},"apps":[],"jobName":"paragraph_1621527006323_-881235857","id":"20210314-005851_7588979","dateCreated":"2021-05-20T16:10:06+0000","status":"FINISHED","progressUpdateIntervalMs":500,"$$hashKey":"object:3003","dateFinished":"2021-05-20T16:14:09+0000","dateStarted":"2021-05-20T16:14:07+0000"},{"text":"%sql\n\nCREATE TABLE IF NOT EXISTS dimproduct \nUSING CSV \nOPTIONS (path \"/DimProduct.csv\", header \"true\", inferSchema=\"true\")","user":"anonymous","dateUpdated":"2021-05-20T16:14:13+0000","config":{"editorSetting":{"language":"sql","editOnDblClick":false,"completionKey":"TAB","completionSupport":true},"colWidth":12,"editorMode":"ace/mode/sql","fontSize":9,"results":{"0":{"graph":{"mode":"table","height":88,"optionOpen":false,"setting":{"table":{"tableGridState":{},"tableColumnTypeState":{"names":{}},"tableOptionSpecHash":"[{\"name\":\"useFilter\",\"valueType\":\"boolean\",\"defaultValue\":false,\"widget\":\"checkbox\",\"description\":\"Enable filter for columns\"},{\"name\":\"showPagination\",\"valueType\":\"boolean\",\"defaultValue\":false,\"widget\":\"checkbox\",\"description\":\"Enable pagination for better navigation\"},{\"name\":\"showAggregationFooter\",\"valueType\":\"boolean\",\"defaultValue\":false,\"widget\":\"checkbox\",\"description\":\"Enable a footer for displaying aggregated values\"}]","tableOptionValue":{"useFilter":false,"showPagination":false,"showAggregationFooter":false},"updated":false,"initialized":false}},"commonSetting":{}}}},"enabled":true},"settings":{"params":{},"forms":{}},"results":{"code":"SUCCESS","msg":[{"type":"TABLE","data":""},{"type":"HTML","data":"<hr/>Spark Application Id: application_1621523488736_0007<br/>Spark WebUI: <a href=\"http://hn1-hdibpc.azhjkvldhjduvd2qp4tphmpqfg.bx.internal.cloudapp.net:8088/proxy/application_1621523488736_0007/\">http://hn1-hdibpc.azhjkvldhjduvd2qp4tphmpqfg.bx.internal.cloudapp.net:8088/proxy/application_1621523488736_0007/</a>"}]},"apps":[],"jobName":"paragraph_1621527006323_-1486535004","id":"20210316-170159_1975528991","dateCreated":"2021-05-20T16:10:06+0000","status":"FINISHED","progressUpdateIntervalMs":500,"$$hashKey":"object:3004","dateFinished":"2021-05-20T16:14:16+0000","dateStarted":"2021-05-20T16:14:13+0000"},{"text":"%sql\n\nCREATE TABLE IF NOT EXISTS dimproductsubcategory \nUSING CSV \nOPTIONS (path \"/DimProductSubcategory.csv\", header \"true\", inferSchema=\"true\")\n","user":"anonymous","dateUpdated":"2021-05-20T16:14:20+0000","config":{"editorSetting":{"language":"sql","editOnDblClick":false,"completionKey":"TAB","completionSupport":true},"colWidth":12,"editorMode":"ace/mode/sql","fontSize":9,"results":{"0":{"graph":{"mode":"table","height":94,"optionOpen":false,"setting":{"table":{"tableGridState":{},"tableColumnTypeState":{"names":{}},"tableOptionSpecHash":"[{\"name\":\"useFilter\",\"valueType\":\"boolean\",\"defaultValue\":false,\"widget\":\"checkbox\",\"description\":\"Enable filter for columns\"},{\"name\":\"showPagination\",\"valueType\":\"boolean\",\"defaultValue\":false,\"widget\":\"checkbox\",\"description\":\"Enable pagination for better navigation\"},{\"name\":\"showAggregationFooter\",\"valueType\":\"boolean\",\"defaultValue\":false,\"widget\":\"checkbox\",\"description\":\"Enable a footer for displaying aggregated values\"}]","tableOptionValue":{"useFilter":false,"showPagination":false,"showAggregationFooter":false},"updated":false,"initialized":false}},"commonSetting":{}}}},"enabled":true},"settings":{"params":{},"forms":{}},"results":{"code":"SUCCESS","msg":[{"type":"TABLE","data":""},{"type":"HTML","data":"<hr/>Spark Application Id: application_1621523488736_0007<br/>Spark WebUI: <a href=\"http://hn1-hdibpc.azhjkvldhjduvd2qp4tphmpqfg.bx.internal.cloudapp.net:8088/proxy/application_1621523488736_0007/\">http://hn1-hdibpc.azhjkvldhjduvd2qp4tphmpqfg.bx.internal.cloudapp.net:8088/proxy/application_1621523488736_0007/</a>"}]},"apps":[],"jobName":"paragraph_1621527006323_-54649894","id":"20210316-170354_315148530","dateCreated":"2021-05-20T16:10:06+0000","status":"FINISHED","progressUpdateIntervalMs":500,"$$hashKey":"object:3005","dateFinished":"2021-05-20T16:14:22+0000","dateStarted":"2021-05-20T16:14:20+0000"},{"text":"%sql\n\nCREATE TABLE IF NOT EXISTS dimproductcategory \nUSING CSV \nOPTIONS (path \"/DimProductCategory.csv\", header \"true\", inferSchema=\"true\")","user":"anonymous","dateUpdated":"2021-05-20T16:14:27+0000","config":{"editorSetting":{"language":"sql","editOnDblClick":false,"completionKey":"TAB","completionSupport":true},"colWidth":10,"editorMode":"ace/mode/sql","fontSize":9,"results":{"0":{"graph":{"mode":"table","height":92,"optionOpen":false,"setting":{"table":{"tableGridState":{},"tableColumnTypeState":{"names":{}},"tableOptionSpecHash":"[{\"name\":\"useFilter\",\"valueType\":\"boolean\",\"defaultValue\":false,\"widget\":\"checkbox\",\"description\":\"Enable filter for columns\"},{\"name\":\"showPagination\",\"valueType\":\"boolean\",\"defaultValue\":false,\"widget\":\"checkbox\",\"description\":\"Enable pagination for better navigation\"},{\"name\":\"showAggregationFooter\",\"valueType\":\"boolean\",\"defaultValue\":false,\"widget\":\"checkbox\",\"description\":\"Enable a footer for displaying aggregated values\"}]","tableOptionValue":{"useFilter":false,"showPagination":false,"showAggregationFooter":false},"updated":false,"initialized":false}},"commonSetting":{}}}},"enabled":true},"settings":{"params":{},"forms":{}},"results":{"code":"SUCCESS","msg":[{"type":"TABLE","data":""},{"type":"HTML","data":"<hr/>Spark Application Id: application_1621523488736_0007<br/>Spark WebUI: <a href=\"http://hn1-hdibpc.azhjkvldhjduvd2qp4tphmpqfg.bx.internal.cloudapp.net:8088/proxy/application_1621523488736_0007/\">http://hn1-hdibpc.azhjkvldhjduvd2qp4tphmpqfg.bx.internal.cloudapp.net:8088/proxy/application_1621523488736_0007/</a>"}]},"apps":[],"jobName":"paragraph_1621527006324_1472641448","id":"20210316-170310_767148373","dateCreated":"2021-05-20T16:10:06+0000","status":"FINISHED","progressUpdateIntervalMs":500,"$$hashKey":"object:3006","dateFinished":"2021-05-20T16:14:29+0000","dateStarted":"2021-05-20T16:14:27+0000"},{"text":"%sql\n\nCREATE TABLE IF NOT EXISTS dimsalesterritory \nUSING CSV \nOPTIONS (path \"/DimSalesTerritory.csv\", header \"true\", inferSchema=\"true\")\n\n","user":"anonymous","dateUpdated":"2021-05-20T16:14:46+0000","config":{"editorSetting":{"language":"sql","editOnDblClick":false,"completionKey":"TAB","completionSupport":true},"colWidth":12,"editorMode":"ace/mode/sql","fontSize":9,"results":{"0":{"graph":{"mode":"table","height":94,"optionOpen":false,"setting":{"table":{"tableGridState":{},"tableColumnTypeState":{"names":{},"updated":false},"tableOptionSpecHash":"[{\"name\":\"useFilter\",\"valueType\":\"boolean\",\"defaultValue\":false,\"widget\":\"checkbox\",\"description\":\"Enable filter for columns\"},{\"name\":\"showPagination\",\"valueType\":\"boolean\",\"defaultValue\":false,\"widget\":\"checkbox\",\"description\":\"Enable pagination for better navigation\"},{\"name\":\"showAggregationFooter\",\"valueType\":\"boolean\",\"defaultValue\":false,\"widget\":\"checkbox\",\"description\":\"Enable a footer for displaying aggregated values\"}]","tableOptionValue":{"useFilter":false,"showPagination":false,"showAggregationFooter":false},"updated":false,"initialized":false}},"commonSetting":{}}}},"enabled":true},"settings":{"params":{},"forms":{}},"results":{"code":"SUCCESS","msg":[{"type":"TABLE","data":""},{"type":"HTML","data":"<hr/>Spark Application Id: application_1621523488736_0007<br/>Spark WebUI: <a href=\"http://hn1-hdibpc.azhjkvldhjduvd2qp4tphmpqfg.bx.internal.cloudapp.net:8088/proxy/application_1621523488736_0007/\">http://hn1-hdibpc.azhjkvldhjduvd2qp4tphmpqfg.bx.internal.cloudapp.net:8088/proxy/application_1621523488736_0007/</a>"}]},"apps":[],"jobName":"paragraph_1621527006325_1271709828","id":"20210314-005912_739222165","dateCreated":"2021-05-20T16:10:06+0000","status":"FINISHED","progressUpdateIntervalMs":500,"$$hashKey":"object:3008","dateFinished":"2021-05-20T16:14:48+0000","dateStarted":"2021-05-20T16:14:46+0000"},{"text":"%sql\n\nCREATE TABLE IF NOT EXISTS factinternetsales USING CSV \nOPTIONS (path \"/FactInternetSales.csv\", header \"true\", inferSchema=\"true\")","user":"anonymous","dateUpdated":"2021-05-20T16:14:52+0000","config":{"editorSetting":{"language":"sql","editOnDblClick":false,"completionKey":"TAB","completionSupport":true},"colWidth":12,"editorMode":"ace/mode/sql","fontSize":9,"results":{"0":{"graph":{"mode":"table","height":94,"optionOpen":false,"setting":{"table":{"tableGridState":{},"tableColumnTypeState":{"names":{}},"tableOptionSpecHash":"[{\"name\":\"useFilter\",\"valueType\":\"boolean\",\"defaultValue\":false,\"widget\":\"checkbox\",\"description\":\"Enable filter for columns\"},{\"name\":\"showPagination\",\"valueType\":\"boolean\",\"defaultValue\":false,\"widget\":\"checkbox\",\"description\":\"Enable pagination for better navigation\"},{\"name\":\"showAggregationFooter\",\"valueType\":\"boolean\",\"defaultValue\":false,\"widget\":\"checkbox\",\"description\":\"Enable a footer for displaying aggregated values\"}]","tableOptionValue":{"useFilter":false,"showPagination":false,"showAggregationFooter":false},"updated":false,"initialized":false}},"commonSetting":{}}}},"enabled":true},"settings":{"params":{},"forms":{}},"results":{"code":"SUCCESS","msg":[{"type":"TABLE","data":""},{"type":"HTML","data":"<hr/>Spark Application Id: application_1621523488736_0007<br/>Spark WebUI: <a href=\"http://hn1-hdibpc.azhjkvldhjduvd2qp4tphmpqfg.bx.internal.cloudapp.net:8088/proxy/application_1621523488736_0007/\">http://hn1-hdibpc.azhjkvldhjduvd2qp4tphmpqfg.bx.internal.cloudapp.net:8088/proxy/application_1621523488736_0007/</a>"}]},"apps":[],"jobName":"paragraph_1621527006326_289762138","id":"20210316-171018_396536441","dateCreated":"2021-05-20T16:10:06+0000","status":"FINISHED","progressUpdateIntervalMs":500,"$$hashKey":"object:3009","dateFinished":"2021-05-20T16:14:55+0000","dateStarted":"2021-05-20T16:14:52+0000"},{"text":"%sql\n\nselect * from factinternetsales limit 2","user":"anonymous","dateUpdated":"2021-05-20T16:14:59+0000","config":{"editorSetting":{"language":"sql","editOnDblClick":false,"completionKey":"TAB","completionSupport":true},"colWidth":12,"editorMode":"ace/mode/sql","fontSize":9,"results":{"0":{"graph":{"mode":"table","height":144,"optionOpen":false,"setting":{"table":{"tableGridState":{},"tableColumnTypeState":{"names":{"ProductKey":"string","OrderDateKey":"string","DueDateKey":"string","ShipDateKey":"string","CustomerKey":"string","PromotionKey":"string","CurrencyKey":"string","SalesTerritoryKey":"string","SalesOrderNumber":"string","SalesOrderLineNumber":"string","RevisionNumber":"string","OrderQuantity":"string","UnitPrice":"string","ExtendedAmount":"string","UnitPriceDiscountPct":"string","DiscountAmount":"string","ProductStandardCost":"string","TotalProductCost":"string","SalesAmount":"string","TaxAmt":"string","Freight":"string","CarrierTrackingNumber":"string","CustomerPONumber":"string","OrderDate":"string","DueDate":"string","ShipDate":"string"},"updated":false},"tableOptionSpecHash":"[{\"name\":\"useFilter\",\"valueType\":\"boolean\",\"defaultValue\":false,\"widget\":\"checkbox\",\"description\":\"Enable filter for columns\"},{\"name\":\"showPagination\",\"valueType\":\"boolean\",\"defaultValue\":false,\"widget\":\"checkbox\",\"description\":\"Enable pagination for better navigation\"},{\"name\":\"showAggregationFooter\",\"valueType\":\"boolean\",\"defaultValue\":false,\"widget\":\"checkbox\",\"description\":\"Enable a footer for displaying aggregated values\"}]","tableOptionValue":{"useFilter":false,"showPagination":false,"showAggregationFooter":false},"updated":false,"initialized":false}},"commonSetting":{}}}},"enabled":true},"settings":{"params":{},"forms":{}},"results":{"code":"SUCCESS","msg":[{"type":"TABLE","data":"ProductKey\tOrderDateKey\tDueDateKey\tShipDateKey\tCustomerKey\tPromotionKey\tCurrencyKey\tSalesTerritoryKey\tSalesOrderNumber\tSalesOrderLineNumber\tRevisionNumber\tOrderQuantity\tUnitPrice\tExtendedAmount\tUnitPriceDiscountPct\tDiscountAmount\tProductStandardCost\tTotalProductCost\tSalesAmount\tTaxAmt\tFreight\tCarrierTrackingNumber\tCustomerPONumber\tOrderDate\tDueDate\tShipDate\n528\t20130520\t20130601\t20130527\t18325\t1\t6\t9\tSO58292\t1\t1\t1\t4.99\t4.99\t0\t0\t1.8663\t1.8663\t4.99\t0.3992\t0.1248\tNULL\tNULL\t2013-05-20 00:00:00\t2013-06-01 00:00:00\t2013-05-27 00:00:00\n536\t20130520\t20130601\t20130527\t18325\t1\t6\t9\tSO58292\t2\t1\t1\t29.99\t29.99\t0\t0\t11.2163\t11.2163\t29.99\t2.3992\t0.7498\tNULL\tNULL\t2013-05-20 00:00:00\t2013-06-01 00:00:00\t2013-05-27 00:00:00"},{"type":"HTML","data":"<hr/>Spark Application Id: application_1621523488736_0007<br/>Spark WebUI: <a href=\"http://hn1-hdibpc.azhjkvldhjduvd2qp4tphmpqfg.bx.internal.cloudapp.net:8088/proxy/application_1621523488736_0007/\">http://hn1-hdibpc.azhjkvldhjduvd2qp4tphmpqfg.bx.internal.cloudapp.net:8088/proxy/application_1621523488736_0007/</a>"}]},"apps":[],"jobName":"paragraph_1621527006326_890478129","id":"20210316-171806_241396667","dateCreated":"2021-05-20T16:10:06+0000","status":"FINISHED","progressUpdateIntervalMs":500,"$$hashKey":"object:3010","dateFinished":"2021-05-20T16:15:02+0000","dateStarted":"2021-05-20T16:14:59+0000"},{"text":"%sql\n\nCREATE TABLE IF NOT EXISTS factinternetsalesreason (SalesOrderNumber string, SalesOrderLineNumber int, SalesReasonKey int)\nUSING CSV \nOPTIONS (path \"/FactInternetSalesReason.csv\", header \"false\", inferSchema=\"false\")","user":"anonymous","dateUpdated":"2021-05-20T16:15:06+0000","config":{"editorSetting":{"language":"sql","editOnDblClick":false,"completionKey":"TAB","completionSupport":true},"colWidth":12,"editorMode":"ace/mode/sql","fontSize":9,"results":{"0":{"graph":{"mode":"table","height":84,"optionOpen":false,"setting":{"table":{"tableGridState":{},"tableColumnTypeState":{"names":{}},"tableOptionSpecHash":"[{\"name\":\"useFilter\",\"valueType\":\"boolean\",\"defaultValue\":false,\"widget\":\"checkbox\",\"description\":\"Enable filter for columns\"},{\"name\":\"showPagination\",\"valueType\":\"boolean\",\"defaultValue\":false,\"widget\":\"checkbox\",\"description\":\"Enable pagination for better navigation\"},{\"name\":\"showAggregationFooter\",\"valueType\":\"boolean\",\"defaultValue\":false,\"widget\":\"checkbox\",\"description\":\"Enable a footer for displaying aggregated values\"}]","tableOptionValue":{"useFilter":false,"showPagination":false,"showAggregationFooter":false},"updated":false,"initialized":false}},"commonSetting":{}}}},"enabled":true},"settings":{"params":{},"forms":{}},"results":{"code":"SUCCESS","msg":[{"type":"TABLE","data":""},{"type":"HTML","data":"<hr/>Spark Application Id: application_1621523488736_0007<br/>Spark WebUI: <a href=\"http://hn1-hdibpc.azhjkvldhjduvd2qp4tphmpqfg.bx.internal.cloudapp.net:8088/proxy/application_1621523488736_0007/\">http://hn1-hdibpc.azhjkvldhjduvd2qp4tphmpqfg.bx.internal.cloudapp.net:8088/proxy/application_1621523488736_0007/</a>"}]},"apps":[],"jobName":"paragraph_1621527006327_655218510","id":"20210316-171106_780149130","dateCreated":"2021-05-20T16:10:06+0000","status":"FINISHED","progressUpdateIntervalMs":500,"$$hashKey":"object:3011","dateFinished":"2021-05-20T16:15:07+0000","dateStarted":"2021-05-20T16:15:06+0000"},{"text":"%sql\n\nDESC TABLE EXTENDED factinternetsalesreason","user":"anonymous","dateUpdated":"2021-05-20T16:15:13+0000","config":{"editorSetting":{"language":"sql","editOnDblClick":false,"completionKey":"TAB","completionSupport":true},"colWidth":12,"editorMode":"ace/mode/sql","fontSize":9,"results":{"0":{"graph":{"mode":"table","height":300,"optionOpen":false,"setting":{"table":{"tableGridState":{},"tableColumnTypeState":{"names":{"col_name":"string","data_type":"string","comment":"string"},"updated":false},"tableOptionSpecHash":"[{\"name\":\"useFilter\",\"valueType\":\"boolean\",\"defaultValue\":false,\"widget\":\"checkbox\",\"description\":\"Enable filter for columns\"},{\"name\":\"showPagination\",\"valueType\":\"boolean\",\"defaultValue\":false,\"widget\":\"checkbox\",\"description\":\"Enable pagination for better navigation\"},{\"name\":\"showAggregationFooter\",\"valueType\":\"boolean\",\"defaultValue\":false,\"widget\":\"checkbox\",\"description\":\"Enable a footer for displaying aggregated values\"}]","tableOptionValue":{"useFilter":false,"showPagination":false,"showAggregationFooter":false},"updated":false,"initialized":false}},"commonSetting":{}}}},"enabled":true},"settings":{"params":{},"forms":{}},"results":{"code":"SUCCESS","msg":[{"type":"TABLE","data":"col_name\tdata_type\tcomment\nSalesOrderNumber\tstring\tnull\nSalesOrderLineNumber\tint\tnull\nSalesReasonKey\tint\tnull\n\t\t\n# Detailed Table ...\t\t\nDatabase\tawproject\t\nTable\tfactinternetsales...\t\nOwner\tlivy\t\nCreated Time\tThu May 20 16:15:...\t\nLast Access\tThu Jan 01 00:00:...\t\nCreated By\tSpark 2.4.6.4.1.4.8\t\nType\tEXTERNAL\t\nProvider\tCSV\t\nTable Properties\t[bucketing_versio...\t\nLocation\twasbs:\\/\\/aweda@aws...\t\nSerde Library\torg.apache.hadoop...\t\nInputFormat\torg.apache.hadoop...\t\nOutputFormat\torg.apache.hadoop...\t\nStorage Properties\t[header=false, in...\t"},{"type":"HTML","data":"<hr/>Spark Application Id: application_1621523488736_0007<br/>Spark WebUI: <a href=\"http://hn1-hdibpc.azhjkvldhjduvd2qp4tphmpqfg.bx.internal.cloudapp.net:8088/proxy/application_1621523488736_0007/\">http://hn1-hdibpc.azhjkvldhjduvd2qp4tphmpqfg.bx.internal.cloudapp.net:8088/proxy/application_1621523488736_0007/</a>"}]},"apps":[],"jobName":"paragraph_1621527006327_2096353827","id":"20210316-171229_1392586263","dateCreated":"2021-05-20T16:10:06+0000","status":"FINISHED","progressUpdateIntervalMs":500,"$$hashKey":"object:3012","dateFinished":"2021-05-20T16:15:14+0000","dateStarted":"2021-05-20T16:15:13+0000"},{"text":"%sql\n\nSHOW TABLES","user":"anonymous","dateUpdated":"2021-05-20T16:10:06+0000","config":{"editorSetting":{"language":"sql","editOnDblClick":false,"completionKey":"TAB","completionSupport":true},"colWidth":12,"editorMode":"ace/mode/sql","fontSize":9,"results":{"0":{"graph":{"mode":"table","height":300,"optionOpen":false,"setting":{"table":{"tableGridState":{},"tableColumnTypeState":{"names":{"database":"string","tableName":"string","isTemporary":"string"},"updated":false},"tableOptionSpecHash":"[{\"name\":\"useFilter\",\"valueType\":\"boolean\",\"defaultValue\":false,\"widget\":\"checkbox\",\"description\":\"Enable filter for columns\"},{\"name\":\"showPagination\",\"valueType\":\"boolean\",\"defaultValue\":false,\"widget\":\"checkbox\",\"description\":\"Enable pagination for better navigation\"},{\"name\":\"showAggregationFooter\",\"valueType\":\"boolean\",\"defaultValue\":false,\"widget\":\"checkbox\",\"description\":\"Enable a footer for displaying aggregated values\"}]","tableOptionValue":{"useFilter":false,"showPagination":false,"showAggregationFooter":false},"updated":false,"initialized":false}},"commonSetting":{}}}},"enabled":true},"settings":{"params":{},"forms":{}},"results":{"code":"SUCCESS","msg":[{"type":"TABLE","data":"database\ttableName\tisTemporary\nawproject\tdimcustomer\tfalse\nawproject\tdimdate3\tfalse\nawproject\tdimgeography\tfalse\nawproject\tdimproduct\tfalse\nawproject\tdimproductcategory\tfalse\nawproject\tdimproductsubcate...\tfalse\nawproject\tdimsalesreason\tfalse\nawproject\tdimsalesterritory\tfalse\nawproject\tfactinternetsales\tfalse\nawproject\tfactinternetsales...\tfalse"},{"type":"HTML","data":"<hr/>Spark Application Id: application_1615908427205_0004<br/>Spark WebUI: <a href=\"http://hn1-sparkl.mr4j4d01t10eze0zglhwhtug2f.bx.internal.cloudapp.net:8088/proxy/application_1615908427205_0004/\">http://hn1-sparkl.mr4j4d01t10eze0zglhwhtug2f.bx.internal.cloudapp.net:8088/proxy/application_1615908427205_0004/</a>"}]},"apps":[],"jobName":"paragraph_1621527006328_7981306","id":"20210314-010637_1828695678","dateCreated":"2021-05-20T16:10:06+0000","status":"READY","errorMessage":"","progressUpdateIntervalMs":500,"$$hashKey":"object:3013"},{"user":"anonymous","dateUpdated":"2021-05-20T16:10:06+0000","config":{"editorSetting":{"language":"scala","editOnDblClick":false,"completionKey":"TAB","completionSupport":true},"colWidth":12,"editorMode":"ace/mode/scala","fontSize":9,"results":{},"enabled":true},"settings":{"params":{},"forms":{}},"apps":[],"jobName":"paragraph_1621527006331_124710717","id":"20210313-214206_49299145","dateCreated":"2021-05-20T16:10:06+0000","status":"READY","errorMessage":"","progressUpdateIntervalMs":500,"$$hashKey":"object:3020"}],"name":"Create_Tables","id":"2G7UES7AZ","noteParams":{},"noteForms":{},"angularObjects":{"md:shared_process":[],"livy2:shared_process":[]},"config":{"isZeppelinNotebookCronEnable":false,"looknfeel":"default","personalizedMode":"false"},"info":{}}